id,classification,suggested_verified,suggested_status,created_by,creator_role,created_at,is_global,visibility,normalized_hash,exact_duplicates_count,near_duplicates_count,evidence,statement_preview
41a68375-404a-41f8-ba57-091e58723852,INSTITUTIONAL,true,published,00000000-0000-0000-0000-000000000102,faculty,2026-07-20T16:26:33.021635+00:00,true,public,7482e38b1af1e9109f64328ffdbfa7cbdd93139f6c1e5df066d670c8f7f5c10e,0,14,"Created by verified faculty member (Faculty Member 2 <faculty2@aset.com>, role: faculty). Originates from seed institutional mock assessment bank.","Mock Logical Question 1: Find the missing number in the series 2, 4, 8, 16..."
39fd6b74-21b8-48df-9c02-8d62d2479fde,INSTITUTIONAL,true,published,00000000-0000-0000-0000-000000000103,faculty,2026-07-20T16:26:33.021635+00:00,true,public,6efa742a3939e48fb0e52806afdb932dc1b2be3441cf0c6f082528fea2ba0709,0,14,"Created by verified faculty member (Faculty Member 3 <faculty3@aset.com>, role: faculty). Originates from seed institutional mock assessment bank.","Mock Logical Question 2: Find the missing number in the series 2, 4, 8, 16..."
11dd3c29-6bb3-4841-9167-0e8b5beea936,INSTITUTIONAL,true,published,00000000-0000-0000-0000-000000000104,faculty,2026-07-20T16:26:33.021635+00:00,true,public,0ab015a22ddba17d55dec6656cb89dcc4052ef9cc61e8a44a6307f966e4f0060,0,14,"Created by verified faculty member (Faculty Member 4 <faculty4@aset.com>, role: faculty). Originates from seed institutional mock assessment bank.","Mock Logical Question 3: Find the missing number in the series 2, 4, 8, 16..."
a78eec66-538e-4ee7-81f3-2dc2eb70a6f5,INSTITUTIONAL,true,published,00000000-0000-0000-0000-000000000105,faculty,2026-07-20T16:26:33.021635+00:00,true,public,dddc4f65d8118c241c49ea5ec534c9835e6aec8a9fe8203cbd04c921c06ebde6,0,14,"Created by verified faculty member (Faculty Member 5 <faculty5@aset.com>, role: faculty). Originates from seed institutional mock assessment bank.","Mock Logical Question 4: Find the missing number in the series 2, 4, 8, 16..."
0130f125-3b14-4953-b715-b2665eb88aef,INSTITUTIONAL,true,published,00000000-0000-0000-0000-000000000101,faculty,2026-07-20T16:26:33.021635+00:00,true,public,ddbc509d34068bf9ea707f4fa85ba8a3b57d3cfa2cb7e1837bca59c7434e0f60,0,14,"Created by verified faculty member (Faculty Member 1 <faculty1@aset.com>, role: faculty). Originates from seed institutional mock assessment bank.","Mock Logical Question 5: Find the missing number in the series 2, 4, 8, 16..."
e32fc3dc-f166-4d55-8964-0d23239315e4,INSTITUTIONAL,true,published,00000000-0000-0000-0000-000000000102,faculty,2026-07-20T16:26:33.021635+00:00,true,public,beb0288fe8220df458c92d6332db497f24c188cff0fc549f97c2968501ecd929,0,14,"Created by verified faculty member (Faculty Member 2 <faculty2@aset.com>, role: faculty). Originates from seed institutional mock assessment bank.","Mock Logical Question 6: Find the missing number in the series 2, 4, 8, 16..."
9afa8fa2-fbcb-48eb-95f1-48bf0109ea58,INSTITUTIONAL,true,published,00000000-0000-0000-0000-000000000103,faculty,2026-07-20T16:26:33.021635+00:00,true,public,df00b068124a6014b2a56a6950a36c0b8bbbb30a2d307e5f015650be21e2e64b,0,14,"Created by verified faculty member (Faculty Member 3 <faculty3@aset.com>, role: faculty). Originates from seed institutional mock assessment bank.","Mock Logical Question 7: Find the missing number in the series 2, 4, 8, 16..."
f24d3a8a-baf8-485d-987e-27f96f01302e,INSTITUTIONAL,true,published,00000000-0000-0000-0000-000000000104,faculty,2026-07-20T16:26:33.021635+00:00,true,public,7ad0efc309900eaf66912ba9665a3be5cd3d437abbf52b0f3ec0f84f11333cab,0,14,"Created by verified faculty member (Faculty Member 4 <faculty4@aset.com>, role: faculty). Originates from seed institutional mock assessment bank.","Mock Logical Question 8: Find the missing number in the series 2, 4, 8, 16..."
660b715e-fabb-49c8-aec1-9b4b829a6c30,INSTITUTIONAL,true,published,00000000-0000-0000-0000-000000000105,faculty,2026-07-20T16:26:33.021635+00:00,true,public,eeca85574b4bc8ac840932ff44c46bd6b77a5035d87c473a22a90c3b78666ea8,0,14,"Created by verified faculty member (Faculty Member 5 <faculty5@aset.com>, role: faculty). Originates from seed institutional mock assessment bank.","Mock Logical Question 9: Find the missing number in the series 2, 4, 8, 16..."
afe7f167-97de-4eea-ab59-6caf09615cc5,INSTITUTIONAL,true,published,00000000-0000-0000-0000-000000000101,faculty,2026-07-20T16:26:33.021635+00:00,true,public,ec16e65be974309359ec77015624fcecc783579a801c66386f24bbe810d35de6,0,14,"Created by verified faculty member (Faculty Member 1 <faculty1@aset.com>, role: faculty). Originates from seed institutional mock assessment bank.","Mock Logical Question 10: Find the missing number in the series 2, 4, 8, 16..."
41121dea-becc-44d9-b366-0dc02514af9b,INSTITUTIONAL,true,published,00000000-0000-0000-0000-000000000102,faculty,2026-07-20T16:26:33.021635+00:00,true,public,ea20b73885ccce836e419ec2851fd6d1ccf7bf73760a1715b6bbe1082b7de235,0,14,"Created by verified faculty member (Faculty Member 2 <faculty2@aset.com>, role: faculty). Originates from seed institutional mock assessment bank.","Mock Logical Question 11: Find the missing number in the series 2, 4, 8, 16..."
3a4bd393-c989-44f4-8cd7-67f9e8c56915,VERIFIED_CORE,true,published,00000000-0000-0000-0000-000000000001,super_admin,2026-10-04T09:16:09.373359+00:00,true,public,101976ba1b0bdc2fb94ad3be9532c8c7410974979dafbd4f8534b482dbf21871,0,0,"Exact normalized hash match with verified core repository bank (Aptitude, subject: Aptitude)","A shopkeeper marks his goods 40% above the cost price and allows a discount of 25% on the marked pri"
61e1e29d-c8e0-49ad-966d-e65fab257793,VERIFIED_CORE,true,published,00000000-0000-0000-0000-000000000001,super_admin,2026-10-04T09:16:10.348382+00:00,true,public,d63d27b1e28d85f017273bb4ac5acc8d9c03972bf638008efdce9f338c02d570,0,0,"Exact normalized hash match with verified core repository bank (Aptitude, subject: Aptitude)","A can complete a piece of work in 12 days and B can do the same work in 18 days. If they work togeth"
bf301379-6551-480e-8a96-812058825a88,VERIFIED_CORE,true,published,00000000-0000-0000-0000-000000000001,super_admin,2026-10-04T09:16:11.127108+00:00,true,public,4f6eab7878200c83d499659a94dfce2a39a43991d6afe841f3e530ff3f2901f7,0,0,"Exact normalized hash match with verified core repository bank (Aptitude, subject: Aptitude)","A train 180 meters long is running at a speed of 54 km/hr. In how much time (in seconds) will it pas"
82efb952-a0d8-473f-86d3-e849d960c249,VERIFIED_CORE,true,published,00000000-0000-0000-0000-000000000001,super_admin,2026-10-04T09:16:11.961432+00:00,true,public,c45c4258c2f8ea087cc3f243bfa298568fc14196ddea1cebc1fa3c8c5210d55d,0,0,"Exact normalized hash match with verified core repository bank (Aptitude, subject: Aptitude)","The ratio of the present ages of two persons A and B is 4:7. Eight years ago, the ratio of their age"
929cdc5e-c7e1-415e-acc5-cee2f846f84f,VERIFIED_CORE,true,published,00000000-0000-0000-0000-000000000001,super_admin,2026-10-04T09:16:12.649953+00:00,true,public,3411124fb2787b0474431b82d6ea1f36a76c28b528515cda282ca4c63620d9ef,0,0,"Exact normalized hash match with verified core repository bank (Aptitude, subject: Aptitude)","A sum of money invested at compound interest doubles itself in 4 years. In how many years will it be"
dde4d696-0734-4928-a6e2-eaf2dee0634e,VERIFIED_CORE,true,published,00000000-0000-0000-0000-000000000001,super_admin,2026-10-04T09:16:33.560876+00:00,true,public,c768f93ccd2dbeacc1b77e22c046ee0b92701aea6987e3650bb44bbec82bd7a6,0,0,"Exact normalized hash match with verified core repository bank (Aptitude, subject: Aptitude)","Find the odd one out among the given options: 27, 64, 125, 144, 216"
ef0bd421-4519-4407-9bf2-5071cef3544e,INSTITUTIONAL,true,published,00000000-0000-0000-0000-000000000102,faculty,2026-07-20T16:26:33.021635+00:00,true,public,df883252738079d689b75f446052d2302f3cbc2d3a0b30a7fe6a7f111fbf29cf,0,14,"Created by verified faculty member (Faculty Member 2 <faculty2@aset.com>, role: faculty). Originates from seed institutional mock assessment bank.","Mock Aptitude Question 1: A train travels 60km/h. How long to travel 120km?"
b51e8ff8-b831-4345-b9b2-480736fc7294,INSTITUTIONAL,true,published,00000000-0000-0000-0000-000000000103,faculty,2026-07-20T16:26:33.021635+00:00,true,public,1fafaaf948c0413e9ad8b4b340ff6f5bcd9f2223051bcf9e88d60b4eeae83464,0,14,"Created by verified faculty member (Faculty Member 3 <faculty3@aset.com>, role: faculty). Originates from seed institutional mock assessment bank.","Mock Aptitude Question 2: A train travels 60km/h. How long to travel 120km?"
03b17ef4-23a7-42b8-9b07-dbe7a1214247,INSTITUTIONAL,true,published,00000000-0000-0000-0000-000000000104,faculty,2026-07-20T16:26:33.021635+00:00,true,public,068277fb67ff1db269fc5e2cdf0c9705a2023e8540d5dee365a4d63ab57c0341,0,14,"Created by verified faculty member (Faculty Member 4 <faculty4@aset.com>, role: faculty). Originates from seed institutional mock assessment bank.","Mock Aptitude Question 3: A train travels 60km/h. How long to travel 120km?"
36dc798e-5bec-43d6-887f-b4c166f7b372,INSTITUTIONAL,true,published,00000000-0000-0000-0000-000000000105,faculty,2026-07-20T16:26:33.021635+00:00,true,public,9b9385e34f32dbe9ac72c211097be59bd5da4ed09334b0b547bb2285542d9a8f,0,14,"Created by verified faculty member (Faculty Member 5 <faculty5@aset.com>, role: faculty). Originates from seed institutional mock assessment bank.","Mock Aptitude Question 4: A train travels 60km/h. How long to travel 120km?"
e81bd3a4-e115-483e-be37-8755e2aefdea,VERIFIED_CORE,true,published,00000000-0000-0000-0000-000000000001,super_admin,2026-10-04T09:16:13.199248+00:00,true,public,24fd86eba6c6aaa454a105a46156ad11a1153303c5e6bd1aa6c2220b1313234b,0,0,"Exact normalized hash match with verified core repository bank (Aptitude, subject: Aptitude)","In how many different ways can the letters of the word ""LEADING"" be arranged such that all the vow"
b0fc050a-f158-4c90-8b42-cf8c130697a4,VERIFIED_CORE,true,published,00000000-0000-0000-0000-000000000001,super_admin,2026-10-04T09:16:14.182474+00:00,true,public,cdeddd529890d969ce7cf85322fee86e4287ba28dd8e3de7ffd64b7dd3156e71,0,0,"Exact normalized hash match with verified core repository bank (Aptitude, subject: Aptitude)","Two dice are thrown simultaneously. What is the probability of getting a sum that is a prime number?"
42ae81da-bb51-4902-8a9d-b0ff64ebdfc3,VERIFIED_CORE,true,published,00000000-0000-0000-0000-000000000001,super_admin,2026-10-04T09:16:15.146413+00:00,true,public,e53a5d632f1d89f3968fa7ecb767b4dd3d53b84e805e3f275a6940b5ff853f81,0,0,"Exact normalized hash match with verified core repository bank (Aptitude, subject: Aptitude)","A vessel contains 60 liters of pure milk. 12 liters of milk is removed and replaced with water. This"
0ccba105-aa4c-4939-bda9-8ee26c334317,VERIFIED_CORE,true,published,00000000-0000-0000-0000-000000000001,super_admin,2026-10-04T09:16:15.700272+00:00,true,public,c1367d3be8212e3d69fe951fdece639cfb6b5f2cd32eb6d03adcd566efb79adf,0,0,"Exact normalized hash match with verified core repository bank (Aptitude, subject: Aptitude)","A boat travels 24 km upstream and 36 km downstream in 6 hours. If the speed of the boat in still wat"
0e0edee6-09e9-4f9f-a943-de9cc9e36db1,VERIFIED_CORE,true,published,00000000-0000-0000-0000-000000000001,super_admin,2026-10-04T09:16:16.256302+00:00,true,public,eb61d385f1ca528dbec7b43a4defca3cb1ef87e379dc8bdfa1f8ad874760549b,0,0,"Exact normalized hash match with verified core repository bank (Aptitude, subject: Aptitude)","The average weight of 8 persons increases by 2.5 kg when a new person replaces one of them who weigh"
db612e1b-d6c2-442a-94f1-254afd5f23a7,VERIFIED_CORE,true,published,00000000-0000-0000-0000-000000000001,super_admin,2026-10-04T09:16:16.799058+00:00,true,public,7e8dfac6de14de593d93b482e6df088521a6b15f7f59eba303373860f06038d8,0,0,"Exact normalized hash match with verified core repository bank (Aptitude, subject: Aptitude)","Two pipes A and B can fill a tank in 20 minutes and 30 minutes respectively. If both pipes are opene"
4f48839e-dccf-4f54-9587-acca9b2d4ebb,VERIFIED_CORE,true,published,00000000-0000-0000-0000-000000000001,super_admin,2026-10-04T09:16:17.703477+00:00,true,public,7824c77db9c144f776f6628f28e7d7194272389f120faead7212913464346577,0,0,"Exact normalized hash match with verified core repository bank (Aptitude, subject: Aptitude)","If a sum triples itself in 5 years at simple interest, in how many years will it become 9 times itse"
fdbb3736-6316-4864-bc70-0c89b696da79,VERIFIED_CORE,true,published,00000000-0000-0000-0000-000000000001,super_admin,2026-10-04T09:16:18.319506+00:00,true,public,890c7131f301d95aaeaae8b34d16991e3f8ab7db1be6b60a529f0c1d83627446,0,0,"Exact normalized hash match with verified core repository bank (Aptitude, subject: Aptitude)","A car travels first half of the distance at 40 km/h and the second half of the distance at 60 km/h. "
30a47cbb-03dd-4816-b160-b7977f6db5d3,VERIFIED_CORE,true,published,00000000-0000-0000-0000-000000000001,super_admin,2026-10-04T09:16:18.885859+00:00,true,public,c59f4ce805ce503fbe4ffb364874efc6544c73a87fade166d8dda54c3ce1912a,0,0,"Exact normalized hash match with verified core repository bank (Aptitude, subject: Aptitude)","If log10(2) = 0.3010, what is the number of digits in 2^50?"
e727399a-f67d-4306-a869-05b2d0ea5333,VERIFIED_CORE,true,published,00000000-0000-0000-0000-000000000001,super_admin,2026-10-04T09:16:19.429758+00:00,true,public,1802937f0ab94350c24adcdc20feb87c064b637d9746e12547f436d9f156b0f2,0,0,"Exact normalized hash match with verified core repository bank (Aptitude, subject: Aptitude)","What is the unit digit in the product (7^95 - 3^58)?"
2a1d244a-5d8b-4a38-bfd1-f656ee05ec61,VERIFIED_CORE,true,published,00000000-0000-0000-0000-000000000001,super_admin,2026-10-04T09:16:20.160962+00:00,true,public,4ea663771550a809839f88a5759b83ea1f91a56c5abb2941ab66a90d461d939e,0,0,"Exact normalized hash match with verified core repository bank (Aptitude, subject: Aptitude)","A vendor bought toffees at 6 for a rupee. How many for a rupee must he sell to gain 20%?"
b626d642-8ab6-4f6c-af1b-00000613c535,VERIFIED_CORE,true,published,00000000-0000-0000-0000-000000000001,super_admin,2026-10-04T09:16:21.229083+00:00,true,public,6aa059e97b2cf27c64a0d91a814f8c197a957e11b77a5855e6aa7dced8587762,0,0,"Exact normalized hash match with verified core repository bank (Aptitude, subject: Aptitude)","A rectangular field is 80 m long and 60 m wide. A 5 m wide path runs along the inside perimeter of t"
08258274-94e5-4e8d-821e-7824681cfa13,VERIFIED_CORE,true,published,00000000-0000-0000-0000-000000000001,super_admin,2026-10-04T09:16:22.27736+00:00,true,public,d0988c0b22faa776b8f5adb297a7e920b1ff5952f82ba766cd6cc94bc1f8ce1e,0,0,"Exact normalized hash match with verified core repository bank (Aptitude, subject: Aptitude)","Three numbers are in the ratio 3 : 4 : 5 and their LCM is 2400. What is their HCF?"
1b1430b2-4554-442b-9421-994442dfd3e8,VERIFIED_CORE,true,published,00000000-0000-0000-0000-000000000001,super_admin,2026-10-04T09:16:22.86385+00:00,true,public,4c12cd97698e2771aa1f19a0032cbb9824f9245a21d0e03980468ef0f683bae3,0,0,"Exact normalized hash match with verified core repository bank (Aptitude, subject: Aptitude)","If x% of y is 100 and y% of z is 200, what is the relation between x and z?"
33f2abc8-57b6-4fcd-a5e5-91bd6ed595e0,VERIFIED_CORE,true,published,00000000-0000-0000-0000-000000000001,super_admin,2026-10-04T09:16:23.461615+00:00,true,public,e34fafbba948042b16b89fd239ae1be33fcc57324315815f2303e66983a01393,0,0,"Exact normalized hash match with verified core repository bank (Aptitude, subject: Aptitude)","At what time between 3 o'clock and 4 o'clock will the hands of a clock be together in the same line?"
3eeec842-61d6-4579-8a60-fbc068a9cf51,VERIFIED_CORE,true,published,00000000-0000-0000-0000-000000000001,super_admin,2026-10-04T09:16:43.055415+00:00,true,public,d9fc44a41fd526feec15325bbf5e0dbd60c5e4acab60217f39c9e666d58fd33a,0,0,"Exact normalized hash match with verified core repository bank (Aptitude, subject: Aptitude)","Find the next term in the alphanumeric series: 2B, 4C, 8E, 14H, ?"
08da40ba-f092-41e7-aed1-4c7241c31f35,VERIFIED_CORE,true,published,00000000-0000-0000-0000-000000000001,super_admin,2026-10-04T09:16:24.490942+00:00,true,public,11874952f6212cde73cfb543f64e4ce011eb6903ec5843417c7e088a1d570395,0,0,"Exact normalized hash match with verified core repository bank (Aptitude, subject: Aptitude)","What was the day of the week on 15th August 1947?"
e9bb019c-b5dc-4701-8c38-7ae7a946480b,VERIFIED_CORE,true,published,00000000-0000-0000-0000-000000000001,super_admin,2026-10-04T09:16:25.027901+00:00,true,public,c03f3364d30e21cca2f2861e5877d3a219d73766abe7c0e691de6baeec1255ba,0,0,"Exact normalized hash match with verified core repository bank (Aptitude, subject: Aptitude)","A bag contains 4 red, 5 black and 6 white balls. A ball is drawn at random. What is the probability "
455fc78d-9b88-4007-b19a-47ee684b9e7a,VERIFIED_CORE,true,published,00000000-0000-0000-0000-000000000001,super_admin,2026-10-04T09:16:25.640402+00:00,true,public,74b0f77bdb1740b759754865fcbeb2a00457cda9c12be098d50350752b9e6c4e,0,0,"Exact normalized hash match with verified core repository bank (Aptitude, subject: Aptitude)","If A : B = 2 : 3, B : C = 4 : 5, and C : D = 6 : 7, find A : D."
026efb64-574d-41aa-969b-c25e4a0e2556,VERIFIED_CORE,true,published,00000000-0000-0000-0000-000000000001,super_admin,2026-10-04T09:16:26.225636+00:00,true,public,d294351c105ca27688b882e62d11802cee1e7e4c47e24b37be847a5a2c54fd9c,0,0,"Exact normalized hash match with verified core repository bank (Aptitude, subject: Aptitude)","A 240 m long train crosses a platform equal to its own length in 27 seconds. What is the speed of th"
cbc4fef2-e8d0-49aa-91cd-92b5d1496bbc,VERIFIED_CORE,true,published,00000000-0000-0000-0000-000000000001,super_admin,2026-10-04T09:16:26.831668+00:00,true,public,cd278430cf97975fc5eb3451ab038344514712786455cb4a40d1a37492ca99b8,0,0,"Exact normalized hash match with verified core repository bank (Aptitude, subject: Aptitude)","Find the largest 4-digit number which is exactly divisible by 12, 15, 18 and 27."
3b45c2a7-f9c1-4531-a6b5-010e23095e8e,VERIFIED_CORE,true,published,00000000-0000-0000-0000-000000000001,super_admin,2026-10-04T09:16:27.390142+00:00,true,public,7937f41d77e4f03bbaba1a8a81fb257151d0697638b8faf8ec018245a7dbe4cc,0,0,"Exact normalized hash match with verified core repository bank (Aptitude, subject: Aptitude)","The difference between simple and compound interests compounded annually on a certain sum of money f"
00e36459-046f-4a95-ac3c-cffa1567a1ec,VERIFIED_CORE,true,published,00000000-0000-0000-0000-000000000001,super_admin,2026-10-04T09:16:28.122738+00:00,true,public,83c6ff52b403e04e0215d09e357f9e0b6c2999ec55e9aa07afb345cd4f2bb7a8,0,0,"Exact normalized hash match with verified core repository bank (Aptitude, subject: Aptitude)","A and B start a business with investments of Rs 50,000 and Rs 60,000 respectively. After 4 months, C"
13984849-944d-4182-a7ef-d7235189db9f,VERIFIED_CORE,true,published,00000000-0000-0000-0000-000000000001,super_admin,2026-10-04T09:16:28.679688+00:00,true,public,53791bae7803b09d85e1c7fbb2bb3a7383a460a5aca4ac1f2d9c1489d479c488,0,0,"Exact normalized hash match with verified core repository bank (Aptitude, subject: Aptitude)","A reduction of 20% in the price of sugar enables a purchaser to obtain 4 kg more for Rs 160. What wa"
ae504108-6136-46c3-85df-bba35ed32b7a,VERIFIED_CORE,true,published,00000000-0000-0000-0000-000000000001,super_admin,2026-10-04T09:16:29.232816+00:00,true,public,4cf39808c69c855b2593b948f44a1f8fe4a4db68c0516e6f917cc0a8078a565a,0,0,"Exact normalized hash match with verified core repository bank (Aptitude, subject: Aptitude)","A student multiplied a number by 3/5 instead of 5/3. What is the percentage error in the calculation"
66873b32-900b-477e-a4ef-0471f298194d,VERIFIED_CORE,true,published,00000000-0000-0000-0000-000000000001,super_admin,2026-10-04T09:16:29.780347+00:00,true,public,fe1e9c069575852dd4a72a9ca2dcbbcdf9a17b38b24b3f513e00a5e3d73a940a,0,0,"Exact normalized hash match with verified core repository bank (Aptitude, subject: Aptitude)","The sum of three consecutive odd integers is 147. What is the largest of these integers?"
7a124c04-5586-419c-8a02-dd99672010ae,VERIFIED_CORE,true,published,00000000-0000-0000-0000-000000000001,super_admin,2026-10-04T09:16:30.324955+00:00,true,public,90de22d2fdee328701e4e14e8a2d28f43c5a854348e88fad07b2795bb911e48b,0,0,"Exact normalized hash match with verified core repository bank (Aptitude, subject: Aptitude)","Find the next number in the series: 7, 26, 63, 124, 215, ?"
6f2a54fe-ac39-45ba-9629-ee373d51daf4,VERIFIED_CORE,true,published,00000000-0000-0000-0000-000000000001,super_admin,2026-10-04T09:16:30.859505+00:00,true,public,b7aba5c04bc07333c425526a111b897343126d495d39b8490ff605772042622d,0,0,"Exact normalized hash match with verified core repository bank (Aptitude, subject: Aptitude)","If in a certain code language, ""COMPUTER"" is written as ""RFUVQNPC"", how will ""MEDICINE"" be wri"
5b3ba9c7-7871-41ab-b87b-190ef297256f,VERIFIED_CORE,true,published,00000000-0000-0000-0000-000000000001,super_admin,2026-10-04T09:16:31.391487+00:00,true,public,0eafeb8c9329bde801a019929090f873e214609451c90e0dfc5f8ba83b15ca35,0,0,"Exact normalized hash match with verified core repository bank (Aptitude, subject: Aptitude)","Pointing to a photograph, a woman says: ""He is the only son of the wife of my husband's father."" H"
48ff2b8f-88ab-43f4-adda-940916e8b442,VERIFIED_CORE,true,published,00000000-0000-0000-0000-000000000001,super_admin,2026-10-04T09:16:31.913854+00:00,true,public,77f759579f5185898fc8541401a64a26b1879ac28dcc58c8d28898bb1aa5a03e,0,0,"Exact normalized hash match with verified core repository bank (Aptitude, subject: Aptitude)","A person walks 10 km towards North, turns right and walks 6 km, then turns right again and walks 10 "
e94dde88-c952-4dda-9b19-4a2e054c859a,VERIFIED_CORE,true,published,00000000-0000-0000-0000-000000000001,super_admin,2026-10-04T09:16:32.469414+00:00,true,public,4028d4cfeae8db0a7dcb086e730342788625603c170a977e7371ff3ce283242e,0,0,"Exact normalized hash match with verified core repository bank (Aptitude, subject: Aptitude)","Statements: 1. All mangoes are golden in color. 2. No golden-colored things are cheap. Conclusions: "
0d43dfe0-e545-4a07-b28a-8a54e5379243,VERIFIED_CORE,true,published,00000000-0000-0000-0000-000000000001,super_admin,2026-10-04T09:16:33.028813+00:00,true,public,be867dc6479545319d4dd09ec14e4a97c2400bb047378bce8b5b5fb02801afac,0,0,"Exact normalized hash match with verified core repository bank (Aptitude, subject: Aptitude)","In a class of 45 students, rank of Priya is 15th from the top. What is her rank from the bottom?"
80d12278-3533-474f-a127-ecbf6f8cff19,PERSONAL,false,published,eab0da38-e4dd-4f5d-a446-642db88315f3,student,2026-10-04T16:09:13.358377+00:00,false,private,b32b3099467f4b87d792437cee59213a7e89ade649c7e478efbeafd1f9bd984a,3,0,"Created by student (Test Student Flow <test_student_flow@aset.ac.in>, role: student) with private visibility; text matches user extracted personal document.","What is the LCM of 12 and 18?"
6d018b06-8ab7-4736-8e29-b13eb929851c,VERIFIED_CORE,true,published,00000000-0000-0000-0000-000000000001,super_admin,2026-10-04T09:16:34.293291+00:00,true,public,0908a71652d6e2e841f7a4dd5574c589e9b300e677ea4836b98158d401613ec3,0,0,"Exact normalized hash match with verified core repository bank (Aptitude, subject: Aptitude)","Six people A, B, C, D, E and F are sitting in a circle facing the center. B is between F and C. A is"
e807e966-6e0d-4eb5-a954-4ad61aebcd38,VERIFIED_CORE,true,published,00000000-0000-0000-0000-000000000001,super_admin,2026-10-04T09:16:34.828627+00:00,true,public,0bfa5a4c734d84ef0ba1401a2b37bddc9770a93d114deb01cf8f076c07885a7e,0,0,"Exact normalized hash match with verified core repository bank (Aptitude, subject: Aptitude)","Which number replaces the question mark in the series: 3, 10, 24, 52, 108, ?"
bf9e0fad-f296-42d9-8b53-9fac64eac2b5,VERIFIED_CORE,true,published,00000000-0000-0000-0000-000000000001,super_admin,2026-10-04T09:16:35.379915+00:00,true,public,316c4354be63afab4e5f420e818957fb4aeb46160f627da18cb43028e07b4e1a,0,0,"Exact normalized hash match with verified core repository bank (Aptitude, subject: Aptitude)","If A + B means A is the daughter of B; A - B means A is the husband of B; A * B means A is the broth"
c74dfb7c-a931-499b-a5cb-bc37d7788977,VERIFIED_CORE,true,published,00000000-0000-0000-0000-000000000001,super_admin,2026-10-04T09:16:35.930662+00:00,true,public,d64de6ae915222677830addc20dc419ca929f50656bb301461ca97b92104a28b,0,0,"Exact normalized hash match with verified core repository bank (Aptitude, subject: Aptitude)","Statement: Should physical education be made compulsory in all engineering colleges? Arguments: I. Y"
d5e288d7-57de-4aad-85ce-b20d81dec65d,VERIFIED_CORE,true,published,00000000-0000-0000-0000-000000000001,super_admin,2026-10-04T09:16:36.488717+00:00,true,public,7bec58e6075ad5729adc2e192b3f077d98324f02ba327b3c65cfe006979e8017,0,0,"Exact normalized hash match with verified core repository bank (Aptitude, subject: Aptitude)","Choose the pair that exhibits the same relationship as: ODOMETER : DISTANCE"
a3e631c9-e008-4fd3-9ac6-eff5baa2f73b,VERIFIED_CORE,true,published,00000000-0000-0000-0000-000000000001,super_admin,2026-10-04T09:16:37.038771+00:00,true,public,9286368076f1fbc2c859cad68918e71a47bb6d5d4781d58e8a2ae3fda4cfbf91,0,0,"Exact normalized hash match with verified core repository bank (Aptitude, subject: Aptitude)","In an examination, Rahul scores higher than Sanjay, but lower than Nitin. Anand scores higher than R"
03554c39-541c-4368-931c-ff49268dd119,VERIFIED_CORE,true,published,00000000-0000-0000-0000-000000000001,super_admin,2026-10-04T09:16:37.579508+00:00,true,public,2ac245f35a0ead63ddf755083ba20b4122795f911fff76ee13a5745018748494,0,0,"Exact normalized hash match with verified core repository bank (Aptitude, subject: Aptitude)","Find the missing letters in the series: AZ, CX, EV, GT, ?"
c6e090ac-6dd9-41b6-8e83-73601c999c76,VERIFIED_CORE,true,published,00000000-0000-0000-0000-000000000001,super_admin,2026-10-04T09:16:38.226925+00:00,true,public,a9afc5759b1ec9eae86cb536fb1788f583008c049b768daabd29ea07503237d3,0,0,"Exact normalized hash match with verified core repository bank (Aptitude, subject: Aptitude)","Statements: 1. Some doctors are teachers. 2. All teachers are engineers. Conclusions: I. Some engine"
54aa1a8c-1567-4ddb-8e77-1c9a1092d019,VERIFIED_CORE,true,published,00000000-0000-0000-0000-000000000001,super_admin,2026-10-04T09:16:38.762768+00:00,true,public,4166a24272204716549567d5b2d9a1c24a742fed2a1c074b8fc1602de06242e6,0,0,"Exact normalized hash match with verified core repository bank (Aptitude, subject: Aptitude)","If ""CLOUD"" is coded as 59 and ""RAIN"" is coded as 42, what is the code for ""STORM""?"
74945425-cfd2-44bb-96db-04cf2f1eedde,VERIFIED_CORE,true,published,00000000-0000-0000-0000-000000000001,super_admin,2026-10-04T09:16:39.315206+00:00,true,public,58079acf538638dc03825d7b0fca9ae59fdb71050a68ed25184b1afdfe7b5c5f,0,0,"Exact normalized hash match with verified core repository bank (Aptitude, subject: Aptitude)","A clock shows 8:30. What is the angle between the hour hand and the minute hand?"
be786d10-846d-4518-a24d-0e2f8a7fbc67,VERIFIED_CORE,true,published,00000000-0000-0000-0000-000000000001,super_admin,2026-10-04T09:16:39.943208+00:00,true,public,a8be03d3618c9d6f711e90ce4c135df7b115180b0141998456036a49d2c18afe,0,0,"Exact normalized hash match with verified core repository bank (Aptitude, subject: Aptitude)","Select the related word from the given alternatives: BIRD : AVIARY :: BEES : ?"
18c78ede-0255-437a-acf6-93f8e1eae129,VERIFIED_CORE,true,published,00000000-0000-0000-0000-000000000001,super_admin,2026-10-04T09:16:40.627842+00:00,true,public,3ec7d8b667492b2aa66b73e53deba92f918052e4985fc3b6dc3d96e4d5612c54,0,0,"Exact normalized hash match with verified core repository bank (Aptitude, subject: Aptitude)","If South-East becomes North, North-East becomes West and so on, what will West become?"
512276ea-3319-4477-ae84-1b0db6208cd6,VERIFIED_CORE,true,published,00000000-0000-0000-0000-000000000001,super_admin,2026-10-04T09:16:41.210512+00:00,true,public,c64869d32b090cd3f03ece58a88c14bfc15387bc9ada4a896cf11f8b7f0279e7,0,0,"Exact normalized hash match with verified core repository bank (Aptitude, subject: Aptitude)","In a code, 253 means ""books are old"", 546 means ""man is old"", and 378 means ""buy good books"". "
7cb406b4-c2a9-4ed2-939b-aaed06a19d0f,VERIFIED_CORE,true,published,00000000-0000-0000-0000-000000000001,super_admin,2026-10-04T09:16:41.962678+00:00,true,public,ee2eb7a0a859a0c04b80eccc5490c4db283a275e9c0cb76a2812ba47720831ce,0,0,"Exact normalized hash match with verified core repository bank (Aptitude, subject: Aptitude)","Which Venn diagram best represents the relationship between: Animals, Dogs, Pets?"
78ba102a-a9ed-441f-8cc0-58591479bc2c,VERIFIED_CORE,true,published,00000000-0000-0000-0000-000000000001,super_admin,2026-10-04T09:16:42.509008+00:00,true,public,fe2fe31eec893a4d94588e9624f6b9918f93de92ca46d8debfcb73709d6daa3c,0,0,"Exact normalized hash match with verified core repository bank (Aptitude, subject: Aptitude)","A cube painted red on all six faces is cut into 64 small identical cubes. How many small cubes have "
1e943438-bcbb-47c4-845a-62d4759462ff,VERIFIED_CORE,true,published,00000000-0000-0000-0000-000000000001,super_admin,2026-10-04T09:16:43.612614+00:00,true,public,c29cda8974bcb3957e1790019f695fe27db351a01a540982901621546879468b,0,0,"Exact normalized hash match with verified core repository bank (Aptitude, subject: Aptitude)","Statement: Company X has decided to roll out mandatory generative AI certifications for all software"
3125d8d9-f2c6-427a-aed2-2bfb91b58291,VERIFIED_CORE,true,published,00000000-0000-0000-0000-000000000001,super_admin,2026-10-04T09:16:44.196702+00:00,true,public,619e239e5639cb80ee363870dd613f98d7253638eaa9ca9f71f458d3da0f921c,0,0,"Exact normalized hash match with verified core repository bank (Aptitude, subject: Aptitude)","How many triangles are there in a square with both diagonals drawn and horizontal and vertical lines"
2f570984-c48a-4fc6-903c-680a037d07d2,VERIFIED_CORE,true,published,00000000-0000-0000-0000-000000000001,super_admin,2026-10-04T09:16:44.762756+00:00,true,public,cc7998c1bd4a72214a15819daf865b856c5c97a1c508261a57b454f84dc52a68,0,0,"Exact normalized hash match with verified core repository bank (Aptitude, subject: Aptitude)","Choose the word which is most nearly OPPOSITE in meaning to the word ""METICULOUS"":"
5523c6af-54b0-4fc5-a9b1-e098bcf96652,VERIFIED_CORE,true,published,00000000-0000-0000-0000-000000000001,super_admin,2026-10-04T09:16:45.400691+00:00,true,public,bd50a0466e3ce5be8bfa2b6f99aa5d326a537c4adae63b3d338046f7068dc1cf,0,0,"Exact normalized hash match with verified core repository bank (Aptitude, subject: Aptitude)","Select the synonym for the word ""EPHEMERAL"":"
210434f8-d162-4a90-ae06-4f324d76a9bd,VERIFIED_CORE,true,published,00000000-0000-0000-0000-000000000001,super_admin,2026-10-04T09:16:45.932138+00:00,true,public,bfd578fa666ff9f6eef85dea4f57c41d995d93bee82f942f4463e5a28a5c5f23,0,0,"Exact normalized hash match with verified core repository bank (Aptitude, subject: Aptitude)","Identify the grammatically correct sentence:"
a9ef87c1-400b-49d7-b96a-d8728928b017,VERIFIED_CORE,true,published,00000000-0000-0000-0000-000000000001,super_admin,2026-10-04T09:16:46.485058+00:00,true,public,3648d5c0cac1204428e4cd00d016271bf5975f6eb43204332723f3b8396dd98b,0,0,"Exact normalized hash match with verified core repository bank (Aptitude, subject: Aptitude)","Fill in the blank with the appropriate preposition: ""The committee agreed ______ the proposal after"
6f7f0b06-8b20-4d93-be55-9b56144d1bc3,VERIFIED_CORE,true,published,00000000-0000-0000-0000-000000000001,super_admin,2026-10-04T09:16:46.999133+00:00,true,public,eaae3ae5f38640476054599230e486e5f493247e3ea0d4c16cce3a181de4af24,0,0,"Exact normalized hash match with verified core repository bank (Aptitude, subject: Aptitude)","Choose the correct idiom meaning for ""To burn the candle at both ends"":"
204d24f2-a4f3-4161-bc1c-906cf91e753c,VERIFIED_CORE,true,published,00000000-0000-0000-0000-000000000001,super_admin,2026-10-04T09:16:47.720094+00:00,true,public,f7531d6dcf84bfc1183980b301369f82d91c18bdfe4c80fb1a12525746cb0de9,0,0,"Exact normalized hash match with verified core repository bank (Aptitude, subject: Aptitude)","Find the correctly spelt word:"
2a126aef-4ad7-4599-95e6-426cc0f3a397,VERIFIED_CORE,true,published,00000000-0000-0000-0000-000000000001,super_admin,2026-10-04T09:16:48.527147+00:00,true,public,0b1e73e2fad0490ce8c54097684d64084e0c7a8c2c057bf62c9814feebb6bd7e,0,0,"Exact normalized hash match with verified core repository bank (Aptitude, subject: Aptitude)","Convert the sentence into Passive Voice: ""The software architect designed a distributed fault-toler"
e3a1e5a6-3b2d-467d-b4a3-604acd68b36a,VERIFIED_CORE,true,published,00000000-0000-0000-0000-000000000001,super_admin,2026-10-04T09:16:49.191823+00:00,true,public,58497bb667cab8d2ea120f45e8ea95cb41b8881c6b083822414be0afe4c3dcba,0,0,"Exact normalized hash match with verified core repository bank (Aptitude, subject: Aptitude)","Choose the word that best substitutes the phrase: ""A person who renounces a religious or political "
2ac4ee8e-4bc8-4a97-be60-172ffddf775c,VERIFIED_CORE,true,published,00000000-0000-0000-0000-000000000001,super_admin,2026-10-04T09:16:49.781416+00:00,true,public,0c69d1eebbb0c1d89daadec370cbb0ddbaf55b63eca0ab35b02bb3baf293b74d,0,0,"Exact normalized hash match with verified core repository bank (Aptitude, subject: Aptitude)","Identify the part containing an error: ""Neither of the two candidates (A) / who applied for the pos"
54d8edb6-a750-4fd5-be62-25f5bd744e98,VERIFIED_CORE,true,published,00000000-0000-0000-0000-000000000001,super_admin,2026-10-04T09:16:50.309101+00:00,true,public,a50a939221e3354dc6965f059d16ca11a3c1d5ebcdb83a8d7e45741053589cd2,0,0,"Exact normalized hash match with verified core repository bank (Aptitude, subject: Aptitude)","Rearrange the sentences into a coherent paragraph: P. This algorithm partitions the input array arou"
e4384480-0c41-447e-8bcc-78f7f7adfaaa,VERIFIED_CORE,true,published,00000000-0000-0000-0000-000000000001,super_admin,2026-10-04T09:16:50.853587+00:00,true,public,802a73836f421c3ba1c95a309cf0d7f56cbf128842dc528c7e6734df2953ec77,0,0,"Exact normalized hash match with verified core repository bank (Aptitude, subject: Aptitude)","Select the most appropriate word to fill in the blank: ""His explanations were so ______ that even n"
4194c1bb-af5f-4f19-9fa8-2867a5519dd0,VERIFIED_CORE,true,published,00000000-0000-0000-0000-000000000001,super_admin,2026-10-04T09:16:51.420378+00:00,true,public,20cf7aca471726dde732ccf32000297e20d383d1fb8fc2661cda690e35e369ad,0,0,"Exact normalized hash match with verified core repository bank (Aptitude, subject: Aptitude)","Choose the correct indirect speech form: She said to me, ""Can you debug this memory leak?"""
d855d147-a154-4c82-96af-a03db566b19d,VERIFIED_CORE,true,published,00000000-0000-0000-0000-000000000001,super_admin,2026-10-04T09:16:52.104855+00:00,true,public,c4e495a213d4f95035b35266acf6cb5f283a165a434f70211b19a2e5d81d7ecd,0,0,"Exact normalized hash match with verified core repository bank (Aptitude, subject: Aptitude)","What is the meaning of the phrasal verb ""CALL OFF""?"
b8291535-c18d-40e0-a540-85e7b58e28dd,VERIFIED_CORE,true,published,00000000-0000-0000-0000-000000000001,super_admin,2026-10-04T09:16:52.665999+00:00,true,public,77b4c0ad283c058344ed524468f02106fd5684aebc1c4d92e7b2ba7dd81d1f36,0,0,"Exact normalized hash match with verified core repository bank (Aptitude, subject: Aptitude)","Choose the antonym for ""CANDID"":"
0122ce00-c9f3-4082-a59d-6cf665d12538,VERIFIED_CORE,true,published,00000000-0000-0000-0000-000000000001,super_admin,2026-10-04T09:16:53.227925+00:00,true,public,716168c8a43acbc5c0a9ad186b87edfd752dc53488b3773a77718f7ceb9a38ed,0,0,"Exact normalized hash match with verified core repository bank (Aptitude, subject: Aptitude)","Select the synonym for ""PRAGMATIC"":"
501a89cd-e919-42b3-be4c-6306e2730e0c,VERIFIED_CORE,true,published,00000000-0000-0000-0000-000000000001,super_admin,2026-10-04T09:16:53.79077+00:00,true,public,3269992ec4101d80a5e498f9d1ceee676f4d6f184f59641440c95af3ef75c0d6,0,0,"Exact normalized hash match with verified core repository bank (Aptitude, subject: Aptitude)","Fill in the blank with the suitable modal auxiliary: ""If he had prepared systematically, he ______ "
124c69fb-b702-4745-b82c-6ac18ede89bb,VERIFIED_CORE,true,published,00000000-0000-0000-0000-000000000001,super_admin,2026-10-04T09:16:54.33421+00:00,true,public,9d65e61c87cf00a7074c5fb3de9e4e69ae76479d695affd76385581c8e0a8dfd,0,0,"Exact normalized hash match with verified core repository bank (Aptitude, subject: Aptitude)","Choose the correct one-word substitute: ""An obsessive desire to set fire to things"":"
202a7d3d-e2cd-4e6c-8d45-3e8f123e06e3,VERIFIED_CORE,true,published,00000000-0000-0000-0000-000000000001,super_admin,2026-10-04T09:16:54.857951+00:00,true,public,e023061365d0e98a1c299d5ad8e2df34bfdd3865cc12fc32897f640b38e1a50c,0,0,"Exact normalized hash match with verified core repository bank (Aptitude, subject: Aptitude)","Identify the error: ""Scarcely had the candidate entered (A) / the interview room (B) / than the pow"
b220712c-628c-44be-99f5-55cc7dd62fdc,VERIFIED_CORE,true,published,00000000-0000-0000-0000-000000000001,super_admin,2026-10-04T09:16:55.388515+00:00,true,public,c6cdebe0d4b37fa41274c3132404bc90407bf8bb02b9e09d2b96d93a6aaf3522,0,0,"Exact normalized hash match with verified core repository bank (Aptitude, subject: Aptitude)","Select the correct sentence:"
60d6eb6b-f0b6-4c11-a13a-e77aaf46fe02,VERIFIED_CORE,true,published,00000000-0000-0000-0000-000000000001,super_admin,2026-10-04T09:16:55.916906+00:00,true,public,cd99288eb0441777a0a33b1b2ecafcac4305e0fbdf5d62c55fd2020d7465c132,0,0,"Exact normalized hash match with verified core repository bank (Aptitude, subject: Aptitude)","What does the term ""UBIQUITOUS"" mean?"
bee6ad9f-959a-41d9-b838-3c96d844c4fb,VERIFIED_CORE,true,published,00000000-0000-0000-0000-000000000001,super_admin,2026-10-04T09:16:56.465741+00:00,true,public,4bc55663ef1476518ac2bb065d9c0f71dd4cca8d32b5f1e4ae2cefd535027c45,0,0,"Exact normalized hash match with verified core repository bank (Programming, subject: Programming)","What is the output of the following C code snippet? ```c #include <stdio.h> int main() {     int arr"
6529d8aa-fbe9-43d2-9e35-35b88308c038,VERIFIED_CORE,true,published,00000000-0000-0000-0000-000000000001,super_admin,2026-10-04T09:16:57.000412+00:00,true,public,6d3eda1ec1e6cea6e8b240a02efb7a6342a78f341730d0550606784cd916a56b,0,0,"Exact normalized hash match with verified core repository bank (Programming, subject: Programming)","In C, what is the size of the following struct on a standard 64-bit architecture with default struct"
f19dcaf7-9d0f-4b91-a264-74c4a660efff,VERIFIED_CORE,true,published,00000000-0000-0000-0000-000000000001,super_admin,2026-10-04T09:16:57.585092+00:00,true,public,7e727900078cf85e5df29367890db5903585fc322a767745f197801536e7455a,0,0,"Exact normalized hash match with verified core repository bank (Programming, subject: Programming)","What is the key difference between `malloc()` and `calloc()` in C standard library?"
86f98d1f-48e4-4c09-b1d1-e0fb5030ed10,VERIFIED_CORE,true,published,00000000-0000-0000-0000-000000000001,super_admin,2026-10-04T09:16:58.180516+00:00,true,public,08a580ec2d9f860d050ea42c0ceaf87065e1e3e84a28e181ae7065bf41db870b,0,0,"Exact normalized hash match with verified core repository bank (Programming, subject: Programming)","What is the purpose of the `volatile` type qualifier in C?"
54d08055-3cc1-4168-bb7f-dbb0660ef6bb,VERIFIED_CORE,true,published,00000000-0000-0000-0000-000000000001,super_admin,2026-10-04T09:16:58.786961+00:00,true,public,fe784cc244de85e7c21bef045fd0656fa38eef263f3e66d3224c32c1b50415c1,0,0,"Exact normalized hash match with verified core repository bank (Programming, subject: Programming)","What does the following declaration mean in C? `int (*func[5])(char, float);`"
44aa71ba-0f0f-4bea-ad9c-ae33245eda34,VERIFIED_CORE,true,published,00000000-0000-0000-0000-000000000001,super_admin,2026-10-04T09:16:59.378597+00:00,true,public,28a223a8de488ab526a8ad1c919fa73bdaa4faa450e35133c191da0fcfeffb70,0,0,"Exact normalized hash match with verified core repository bank (Programming, subject: Programming)","What happens when you execute `free(ptr);` in C on an allocated pointer and then attempt `printf(""%"
11b883ae-a0bf-4d31-bc95-7459294491c7,VERIFIED_CORE,true,published,00000000-0000-0000-0000-000000000001,super_admin,2026-10-04T09:16:59.926078+00:00,true,public,37963d9951e13430b89fa33eb3be81e1e2b6ca7b14ed190e197a3b96ec353a6a,0,0,"Exact normalized hash match with verified core repository bank (Programming, subject: Programming)","What is the output of the preprocessor macro expansion in C? ```c #define SQUARE(x) x * x int a = SQ"
ec896b1f-dbea-494e-91b1-e6cdb3e03631,VERIFIED_CORE,true,published,00000000-0000-0000-0000-000000000001,super_admin,2026-10-04T09:17:00.537667+00:00,true,public,a275a131899e3b4fdfb085a41275017c329f4be0cd6cf7ee5cbb5d50fd51cbe2,0,0,"Exact normalized hash match with verified core repository bank (Programming, subject: Programming)","What is the default storage class and initial value of a variable declared inside a function without"
c1e434de-d35f-4128-9a81-02dd748c168e,VERIFIED_CORE,true,published,00000000-0000-0000-0000-000000000001,super_admin,2026-10-04T09:17:01.148197+00:00,true,public,b4d35c0573fe9833d8bfba72b903835e8fab985de2c0f4780d2ad8f6abe3a45f,0,0,"Exact normalized hash match with verified core repository bank (Programming, subject: Programming)","Which operator cannot be overloaded in C++? (Contrast with C operators)"
8448f5f8-c86a-4b3e-91d0-101082d98c8c,INSTITUTIONAL,true,published,00000000-0000-0000-0000-000000000101,faculty,2026-07-20T16:26:33.021635+00:00,false,public,d0ebe58e6108f41955d63176d93a00ea8b63f856d384519e02e616635d9785ac,0,19,"Created by verified faculty member (Faculty Member 1 <faculty1@aset.com>, role: faculty). Originates from seed institutional mock assessment bank.","Mock Technical Question 15: What is the time complexity of QuickSort?"
410f6c39-fdf4-427c-a6b0-0604d482f77c,VERIFIED_CORE,true,published,00000000-0000-0000-0000-000000000001,super_admin,2026-10-04T09:17:01.772347+00:00,true,public,18d0badc81c342d2cc980d9898e6f911b08667eb48025feb90853f60b514e91d,0,0,"Exact normalized hash match with verified core repository bank (Programming, subject: Programming)","In C, what is the output of `sizeof(""Hello\0World"");` on a 32/64-bit machine?"
813a521c-1177-450d-b9f9-944a28a98fdb,VERIFIED_CORE,true,published,00000000-0000-0000-0000-000000000001,super_admin,2026-10-04T09:17:02.534296+00:00,true,public,8d96ab551ee26f1cf8505c342ba75c946152ed449395c666131b6d22a6c4e5f5,0,0,"Exact normalized hash match with verified core repository bank (Programming, subject: Programming)","Why must a base class have a `virtual` destructor in C++ when deleting derived class objects through"
8b7cdac7-5bf7-4a7d-9074-47cde3bd828e,VERIFIED_CORE,true,published,00000000-0000-0000-0000-000000000001,super_admin,2026-10-04T09:17:03.076008+00:00,true,public,68a97179c6eeea5837d5aa60dad747c61d6ca185ae6264472a3e22976c92299b,0,0,"Exact normalized hash match with verified core repository bank (Programming, subject: Programming)","What is the role of `std::move` in modern C++ (C++11 and later)?"
48fb433a-e90c-43c7-8f1a-6612e213f2e7,VERIFIED_CORE,true,published,00000000-0000-0000-0000-000000000001,super_admin,2026-10-04T09:17:03.592783+00:00,true,public,28c94b3365d107fb452ac2c21bef6e8ef85eb9fc6450f2d0b8b85b533964b801,0,0,"Exact normalized hash match with verified core repository bank (Programming, subject: Programming)","What is the difference between `std::unique_ptr` and `std::shared_ptr` in C++?"
a26bba7c-6753-4bf4-9885-ddbd3e2cd3e3,VERIFIED_CORE,true,published,00000000-0000-0000-0000-000000000001,super_admin,2026-10-04T09:17:04.138566+00:00,true,public,7a89aa74ea23227fbfcef69b48f0d7c8e4ce85878e04dc87a60d67316dcf787c,0,0,"Exact normalized hash match with verified core repository bank (Programming, subject: Programming)","What is the ""Diamond Problem"" in C++ multiple inheritance and how is it resolved?"
318e3531-8e94-492a-a584-b7bc4cfa9266,VERIFIED_CORE,true,published,00000000-0000-0000-0000-000000000001,super_admin,2026-10-04T09:17:04.662786+00:00,true,public,8aa1807083b7446c8aa698a2927fac20b5d0dd7713af32d6f0bbfd8ecf6526b6,0,0,"Exact normalized hash match with verified core repository bank (Programming, subject: Programming)","What is the time complexity of searching an element in `std::map` vs `std::unordered_map` in C++ STL"
f2b27e40-a419-462a-a6a0-362c4ed13661,VERIFIED_CORE,true,published,00000000-0000-0000-0000-000000000001,super_admin,2026-10-04T09:17:05.222648+00:00,true,public,d863fabe8d2a2183e9b1c4b319cc6f03840ad5a63c718dabe3f71c1ac33b56ea,0,0,"Exact normalized hash match with verified core repository bank (Programming, subject: Programming)","What does the `explicit` keyword on a constructor signify in C++?"
6cc007b7-52c1-4f70-b961-d9565e443b92,VERIFIED_CORE,true,published,00000000-0000-0000-0000-000000000001,super_admin,2026-10-04T09:17:05.767547+00:00,true,public,22c5be67aea89e860c7d39973213cf7dde32a9c8313841596bb7fe9bd1efba0a,0,0,"Exact normalized hash match with verified core repository bank (Programming, subject: Programming)","What does RAII (Resource Acquisition Is Initialization) mean in C++ architecture?"
01eea114-ba21-48d5-9fcb-32be7859d8ed,VERIFIED_CORE,true,published,00000000-0000-0000-0000-000000000001,super_admin,2026-10-04T09:17:06.325189+00:00,true,public,3d9908a363a5aeac9603cb629328f7c3787f7ef0f6d9698b92def108918b0341,0,0,"Exact normalized hash match with verified core repository bank (Programming, subject: Programming)","What is a ""Pure Virtual Function"" in C++ and what is its consequence on a class?"
04c1bde1-8df0-4810-ba94-ff0679bc7c25,VERIFIED_CORE,true,published,00000000-0000-0000-0000-000000000001,super_admin,2026-10-04T09:17:06.875318+00:00,true,public,a88485bd2ed291ef6d72a080e37feab1a798f098b9426dc3f09fb7492c923381,0,0,"Exact normalized hash match with verified core repository bank (Programming, subject: Programming)","What is the purpose of `constexpr` in modern C++?"
bfd0c867-8d16-4b6a-83ce-a06f8512e825,VERIFIED_CORE,true,published,00000000-0000-0000-0000-000000000001,super_admin,2026-10-04T09:17:07.441538+00:00,true,public,012c6618a7bb911aea6d317c9f031e3d595b56f471b2a7366228846cb8995fbd,0,0,"Exact normalized hash match with verified core repository bank (Programming, subject: Programming)","In C++, what is the difference between a pointer and a reference?"
052c8535-258f-408e-8287-2688fdf6b7d8,VERIFIED_CORE,true,published,00000000-0000-0000-0000-000000000001,super_admin,2026-10-04T09:17:07.979006+00:00,true,public,ffc73b4c4789e54bcaf9db52693d5a2043124288d2795435446c60afa335fe53,0,0,"Exact normalized hash match with verified core repository bank (Programming, subject: Programming)","In Java, why is it mandatory to override `hashCode()` whenever you override `equals()` in a class?"
e9e40a3a-888e-4395-9875-183e62c61a21,VERIFIED_CORE,true,published,00000000-0000-0000-0000-000000000001,super_admin,2026-10-04T09:17:08.525869+00:00,true,public,8cd82cf9b82985037f0dccb927ae942aa90d5810d1214bda9bac0c1cb38e1305,0,0,"Exact normalized hash match with verified core repository bank (Programming, subject: Programming)","What is ""Type Erasure"" in Java Generics?"
6c900bc1-1526-49c3-9302-a2154a166fe5,VERIFIED_CORE,true,published,00000000-0000-0000-0000-000000000001,super_admin,2026-10-04T09:17:09.052984+00:00,true,public,753e094d552815edf7cd63da553880c8ecd45861c32020b6f6ca2bd30e3a291d,0,0,"Exact normalized hash match with verified core repository bank (Programming, subject: Programming)","Why is `String` immutable in Java?"
1643e2fd-ccba-4b05-82f1-f6a67d74fa79,UNKNOWN,false,review,00000000-0000-0000-0000-000000000001,super_admin,2026-10-06T17:06:16.024294+00:00,false,private,2b2bb3c73d332f5017c083e7a2136da71aa1200fb65c1952e09b9bbd779d79db,3,0,"Duplicate statement of personal document test question, but created by user 00000000-0000-0000-0000-000000000001 (super_admin) rather than student owner. Lacks direct personal document foreign key.","What is the HCF of 36 and 48?"
8f708787-b62e-4728-9e6b-425191c2c6de,VERIFIED_CORE,true,published,00000000-0000-0000-0000-000000000001,super_admin,2026-10-04T09:17:09.607991+00:00,true,public,4ce2dc6bf6b477e3f98122b28cbbaa357420e5bc9abd9e3c10872615ecf0e36c,0,0,"Exact normalized hash match with verified core repository bank (Programming, subject: Programming)","What is the key difference between Checked and Unchecked Exceptions in Java?"
dc1e1d90-b81d-4b4b-9e25-9e3cd19d965b,VERIFIED_CORE,true,published,00000000-0000-0000-0000-000000000001,super_admin,2026-10-04T09:17:10.420313+00:00,true,public,bffea851cade7432bd1f19f3b255795a94c836d43e8e6f79677c8ccd05bb7013,0,0,"Exact normalized hash match with verified core repository bank (Programming, subject: Programming)","How does Java Garbage Collection distinguish live objects from garbage in the heap?"
c9293ffe-a603-43e7-be29-d904c00c6117,VERIFIED_CORE,true,published,00000000-0000-0000-0000-000000000001,super_admin,2026-10-04T09:17:10.979618+00:00,true,public,b250bb2aa66abafef3f9e225b450d82571aae9e43bd9eaa275734dac94166bc8,0,0,"Exact normalized hash match with verified core repository bank (Programming, subject: Programming)","What is the difference between `final`, `finally`, and `finalize` in Java?"
aad85774-89d9-4754-aeee-9f6679b7d4b3,VERIFIED_CORE,true,published,00000000-0000-0000-0000-000000000001,super_admin,2026-10-04T09:17:11.550871+00:00,true,public,6605da40091e2e1b428c658b9ee14de9b0164e860f72f4c8a959b8e2d54f423f,0,0,"Exact normalized hash match with verified core repository bank (Programming, subject: Programming)","In Java, how does `HashMap` handle bucket collisions internally since Java 8?"
a86393aa-7a85-454e-be69-ef1a2950bb03,VERIFIED_CORE,true,published,00000000-0000-0000-0000-000000000001,super_admin,2026-10-04T09:17:12.40142+00:00,true,public,94915801c284f0dbd227ec9dd08229e3e53e38fe7c2083fef9d899dd30cf1ff2,0,0,"Exact normalized hash match with verified core repository bank (Programming, subject: Programming)","What is the function of the `volatile` keyword in Java multi-threading?"
efc79fe6-20e4-41f8-9416-8f8d25e735c5,VERIFIED_CORE,true,published,00000000-0000-0000-0000-000000000001,super_admin,2026-10-04T09:17:12.950276+00:00,true,public,eb94c44b223c4ea892988aa34b0ae81771e8c451a8c0a39e8ecdfc7682d71750,0,0,"Exact normalized hash match with verified core repository bank (Programming, subject: Programming)","What is the difference between `Comparable` and `Comparator` interfaces in Java?"
c8224382-6d9f-42aa-a445-f372569d8070,VERIFIED_CORE,true,published,00000000-0000-0000-0000-000000000001,super_admin,2026-10-04T09:17:13.569437+00:00,true,public,a6f5b98a1b7a76f6e8959c3875479bf4e3f118aedfaa888a2246e6cbcc1b8c59,0,0,"Exact normalized hash match with verified core repository bank (Programming, subject: Programming)","What occurs when an unhandled exception is thrown inside a `Thread` in Java?"
95d84c68-ef47-49a6-9163-e50e22f8b431,VERIFIED_CORE,true,published,00000000-0000-0000-0000-000000000001,super_admin,2026-10-04T09:17:14.104077+00:00,true,public,fa8c680b1dbe901f19b0b939309e48841c1904e9363920f28c053f5b77fbe4a6,0,0,"Exact normalized hash match with verified core repository bank (Programming, subject: Programming)","What is the Global Interpreter Lock (GIL) in CPython and what is its consequence on CPU-bound multi-"
e43a43ab-010e-4794-a84c-7761fe331980,VERIFIED_CORE,true,published,00000000-0000-0000-0000-000000000001,super_admin,2026-10-04T09:17:14.647243+00:00,true,public,79a51679e418c4c589857f74e748d4ab9a7cde98cd779426321b670a6f534686,0,0,"Exact normalized hash match with verified core repository bank (Programming, subject: Programming)","What is the pitfall of using mutable default arguments in Python functions, as demonstrated below? `"
09d4fe98-d312-4af0-b1f5-87e0c46b0b5e,VERIFIED_CORE,true,published,00000000-0000-0000-0000-000000000001,super_admin,2026-10-04T09:17:15.219489+00:00,true,public,5f25bf67f44a55efa3c27594290a39d2587273a22375b38ee88d8de8759d23b1,0,0,"Exact normalized hash match with verified core repository bank (Programming, subject: Programming)","What is the key difference between a Python Generator function (using `yield`) and a regular functio"
534a0012-ef1f-4308-8a14-c04a748a4353,VERIFIED_CORE,true,published,00000000-0000-0000-0000-000000000001,super_admin,2026-10-04T09:17:15.789486+00:00,true,public,8c54fe991e522e96ba7ba91caf5c169571c8ce30b0ae810625fb92f8f82a315f,0,0,"Exact normalized hash match with verified core repository bank (Programming, subject: Programming)","In Python, how is memory managed for objects and circular references?"
9607025d-c413-42b0-9d82-e5110e64379d,VERIFIED_CORE,true,published,00000000-0000-0000-0000-000000000001,super_admin,2026-10-04T09:17:16.28781+00:00,true,public,5d5d3945506c5d04426a3e3fd5385c28c4e13f1ce5bff7698853ed2ff31c1131,0,0,"Exact normalized hash match with verified core repository bank (Programming, subject: Programming)","What is the output of the following Python snippet? ```python a = [1, 2, 3] b = a c = a[:] a.append("
7f041ec1-8d06-4615-b44a-a66a0957ffaa,VERIFIED_CORE,true,published,00000000-0000-0000-0000-000000000001,super_admin,2026-10-04T09:17:16.802329+00:00,true,public,9736349855d2b1a30f261d0ec4a7aa30c73eeac6b3b1d1b8fe6924ad397d046b,0,0,"Exact normalized hash match with verified core repository bank (Programming, subject: Programming)","What is a Python Decorator and how does the `@decorator` syntax work?"
5dd4d0c8-f185-4881-af38-138867a6e266,INSTITUTIONAL,true,published,00000000-0000-0000-0000-000000000102,faculty,2026-07-20T16:26:33.021635+00:00,false,public,ab9ffe9f2c082982743c8394bd09e2d3aa8bf5a7843ae7146b07b9acf92ab510,0,19,"Created by verified faculty member (Faculty Member 2 <faculty2@aset.com>, role: faculty). Originates from seed institutional mock assessment bank.","Mock Technical Question 16: What is the time complexity of QuickSort?"
730c04b0-5159-4507-ba17-ff9636751813,VERIFIED_CORE,true,published,00000000-0000-0000-0000-000000000001,super_admin,2026-10-04T09:17:17.341977+00:00,true,public,8e1ee7ad11026abf7019bf6a38233c1e4f32a90e68f16745fadec7e8e6a5ccc0,0,0,"Exact normalized hash match with verified core repository bank (Programming, subject: Programming)","What is the difference between `is` and `==` in Python?"
6881c410-b399-4cc2-bbf4-ef74b9801dc8,VERIFIED_CORE,true,published,00000000-0000-0000-0000-000000000001,super_admin,2026-10-04T09:17:17.90953+00:00,true,public,ad7c492818a84b65f984886c36479c1bc61dae74b1457c08f689e1c767acb447,0,0,"Exact normalized hash match with verified core repository bank (Programming, subject: Programming)","What are `*args` and `**kwargs` used for in Python function definitions?"
6580d38b-a456-43ef-bce3-2624b30a0755,VERIFIED_CORE,true,published,00000000-0000-0000-0000-000000000001,super_admin,2026-10-04T09:17:18.449574+00:00,true,public,f968f42da64cddbe7d2a6f5c5ea333e078721322b464ffa590025afeef091ee4,0,0,"Exact normalized hash match with verified core repository bank (Programming, subject: Programming)","What does the `__init__` vs `__new__` method do in Python class instantiation?"
fded626f-cb58-4093-ae28-30962c1f6979,VERIFIED_CORE,true,published,00000000-0000-0000-0000-000000000001,super_admin,2026-10-04T09:17:18.994409+00:00,true,public,d1f91b9b09c00f243af8f85f03379a9b955892282c141eba59ed4ec9c5108d47,0,0,"Exact normalized hash match with verified core repository bank (Programming, subject: Programming)","What is the time complexity of dictionary key lookup in Python under normal operations?"
cd77f515-aed3-468c-9751-c12ab0ba034f,VERIFIED_CORE,true,published,00000000-0000-0000-0000-000000000001,super_admin,2026-10-04T09:17:19.54077+00:00,true,public,4c16014ca77223faa49361e6fbc0e87b92a18a318a396e935f43186763f92d79,0,0,"Exact normalized hash match with verified core repository bank (Data Structures & Algorithms, subject: Data Structures & Algorithms)","Given an array of integers sorted in non-decreasing order and a target value, which approach achieve"
411fc82c-544f-46a7-81ad-117bc98136c1,VERIFIED_CORE,true,published,00000000-0000-0000-0000-000000000001,super_admin,2026-10-04T09:17:20.061628+00:00,true,public,ea4cb8b4a9a280b8f15bfb7b8caf259d1cac5728d6bbb23a34d087c11935c0f5,0,0,"Exact normalized hash match with verified core repository bank (Data Structures & Algorithms, subject: Data Structures & Algorithms)","What is Kadane's algorithm used for and what is its optimal time complexity?"
2a68b5f1-289b-46bd-b6a5-4ad4988e9e0c,VERIFIED_CORE,true,published,00000000-0000-0000-0000-000000000001,super_admin,2026-10-04T09:17:20.609819+00:00,true,public,8e6a5fef7de41c751d878dd775ec587071b9ac4548b8531f0955c828d50a807c,0,0,"Exact normalized hash match with verified core repository bank (Data Structures & Algorithms, subject: Data Structures & Algorithms)","In the Dutch National Flag algorithm (Three-way partitioning for sorting an array of 0s, 1s, and 2s)"
9bc4c240-b1d9-413c-b61d-2e8ff033a36f,VERIFIED_CORE,true,published,00000000-0000-0000-0000-000000000001,super_admin,2026-10-04T09:17:21.142773+00:00,true,public,6781e7bd00857b2e5cef5af6282fc58c6a755df50bb0ccc8a5eb78d99313ca0f,0,0,"Exact normalized hash match with verified core repository bank (Data Structures & Algorithms, subject: Data Structures & Algorithms)","Given an array of size N containing numbers from 1 to N with exactly one duplicate and one missing n"
aaf23552-1fa3-4b45-8826-f8edcbf09a78,VERIFIED_CORE,true,published,00000000-0000-0000-0000-000000000001,super_admin,2026-10-04T09:17:21.680243+00:00,true,public,39890eabfd032ef535878093b216f62568075c920e30e7f465fd5d1b77194a27,0,0,"Exact normalized hash match with verified core repository bank (Data Structures & Algorithms, subject: Data Structures & Algorithms)","What is the optimal time complexity of the ""Trapping Rain Water"" problem using the Two Pointer app"
2d4d46e8-b334-4051-9af9-ab45c6756e69,VERIFIED_CORE,true,published,00000000-0000-0000-0000-000000000001,super_admin,2026-10-04T09:17:22.252832+00:00,true,public,88627a0e55746d519df7ddecc4dce30d40e021c267304a8b6b5c23e829fe25c2,0,0,"Exact normalized hash match with verified core repository bank (Data Structures & Algorithms, subject: Data Structures & Algorithms)","Which technique is optimal to find the longest substring without repeating characters?"
34deaf68-a8a2-46dd-91d6-532795904261,VERIFIED_CORE,true,published,00000000-0000-0000-0000-000000000001,super_admin,2026-10-04T09:17:23.099728+00:00,true,public,f6d5c2b1682b7df3a3aa394f5a22ded08f20b0f71f6085918a31f34511ac378c,0,0,"Exact normalized hash match with verified core repository bank (Data Structures & Algorithms, subject: Data Structures & Algorithms)","In the Boyer-Moore Majority Voting Algorithm, what is the minimum condition required for an element "
a3641dc4-bad7-420c-9904-bbb5250c073e,VERIFIED_CORE,true,published,00000000-0000-0000-0000-000000000001,super_admin,2026-10-04T09:17:23.731625+00:00,true,public,0609bbfe0e56baf613ea35a7133889c324a9e73ec5400cece7768740037224a9,0,0,"Exact normalized hash match with verified core repository bank (Data Structures & Algorithms, subject: Data Structures & Algorithms)","What is the time complexity of rotating an array of size N to the right by K steps using the three-r"
5ce8a54b-9e2f-4cda-83fb-f2f9305b7aae,VERIFIED_CORE,true,published,00000000-0000-0000-0000-000000000001,super_admin,2026-10-04T09:17:24.312412+00:00,true,public,28d3eb64020538a7556344f8fef6000eaf1f2bdab9a7118b30dfa1e47cd74c75,0,0,"Exact normalized hash match with verified core repository bank (Data Structures & Algorithms, subject: Data Structures & Algorithms)","How do you find the maximum product subarray in an integer array that contains negative numbers and "
791b59b2-966b-44a8-b253-f27cdef55426,VERIFIED_CORE,true,published,00000000-0000-0000-0000-000000000001,super_admin,2026-10-04T09:17:24.849989+00:00,true,public,3c57512449079084590341d54d44c50fed0fef6b927a5406352947174d9b53b2,0,0,"Exact normalized hash match with verified core repository bank (Data Structures & Algorithms, subject: Data Structures & Algorithms)","Given an array of intervals [start, end], how do you efficiently merge all overlapping intervals?"
e65caf4b-1675-4a7c-b521-6ae96d038883,VERIFIED_CORE,true,published,00000000-0000-0000-0000-000000000001,super_admin,2026-10-04T09:17:25.60521+00:00,true,public,4cb319bf0606658a63176fd8c0592850b85eed8f91f5cb95adf01483e7267300,0,0,"Exact normalized hash match with verified core repository bank (Data Structures & Algorithms, subject: Data Structures & Algorithms)","Which algorithm detects a cycle in a singly linked list in O(N) time and O(1) space?"
10a36243-21e9-4b2c-a633-e00fe62645b5,VERIFIED_CORE,true,published,00000000-0000-0000-0000-000000000001,super_admin,2026-10-04T09:17:26.240349+00:00,true,public,1cb89cf3c5886316d957f1d1140d613f8a00511081dffcdf5aa4ed4de5865a5e,0,0,"Exact normalized hash match with verified core repository bank (Data Structures & Algorithms, subject: Data Structures & Algorithms)","How do you find the starting node of a cycle in a linked list after slow and fast pointers meet?"
4506e908-c4cb-4881-a22a-7f7b7b80e795,VERIFIED_CORE,true,published,00000000-0000-0000-0000-000000000001,super_admin,2026-10-04T09:17:26.799162+00:00,true,public,ba41ca0dbbe43dcbbc583f36a4fa10141c3f249f78c42d4c078e1151c8914093,0,0,"Exact normalized hash match with verified core repository bank (Data Structures & Algorithms, subject: Data Structures & Algorithms)","What is the optimal data structure to solve the ""Next Greater Element"" problem for an array of siz"
4427a251-d92a-4fc0-a1a9-7354c2278d8a,VERIFIED_CORE,true,published,00000000-0000-0000-0000-000000000001,super_admin,2026-10-04T09:17:27.348595+00:00,true,public,94f93b66947be98ec6a70b51db6e46f1332f6c4845918df5773250c1d1844b98,0,0,"Exact normalized hash match with verified core repository bank (Data Structures & Algorithms, subject: Data Structures & Algorithms)","How can a Queue be implemented using two Stacks S1 and S2 with amortized O(1) operations?"
a9037bf3-793d-4f48-8a6a-fc371713ee63,VERIFIED_CORE,true,published,00000000-0000-0000-0000-000000000001,super_admin,2026-10-04T09:17:27.889661+00:00,true,public,5c3ddbbb0ef4a89e80378a74f7953ff92ec5763dd9e4177299c0cf4b13a48deb,0,0,"Exact normalized hash match with verified core repository bank (Data Structures & Algorithms, subject: Data Structures & Algorithms)","What is the time complexity of reversing a singly linked list iteratively?"
0af431dc-161e-4b0d-ab4d-2c7d87df00c1,VERIFIED_CORE,true,published,00000000-0000-0000-0000-000000000001,super_admin,2026-10-04T09:17:28.454564+00:00,true,public,10fb09e84fc2361ead7346ce59b5e673e685f08d374062028f868c38f35f1d6e,0,0,"Exact normalized hash match with verified core repository bank (Data Structures & Algorithms, subject: Data Structures & Algorithms)","In an LRU (Least Recently Used) Cache implementation requiring O(1) `get()` and O(1) `put()` operati"
4dcf044e-61b5-4b90-b0a1-b93072871117,VERIFIED_CORE,true,published,00000000-0000-0000-0000-000000000001,super_admin,2026-10-04T09:17:29.123995+00:00,true,public,2a1671777e45eafaa543b4015331f94f994b8925039f170a75214aa670df0b47,0,0,"Exact normalized hash match with verified core repository bank (Data Structures & Algorithms, subject: Data Structures & Algorithms)","How do you find the middle node of a singly linked list in a single traversal pass?"
d96124b5-1743-4fd0-87bb-5d636a2841bc,VERIFIED_CORE,true,published,00000000-0000-0000-0000-000000000001,super_admin,2026-10-04T09:17:29.685249+00:00,true,public,effd823c97084c2f46bedc773163410c9d8f38869d2ef6b9c8bdf2391a8f9c21,0,0,"Exact normalized hash match with verified core repository bank (Data Structures & Algorithms, subject: Data Structures & Algorithms)","In the ""Largest Rectangle in Histogram"" problem, which approach computes the area in O(N) time?"
d4618c02-fae0-4c28-a377-f03989b40bc2,VERIFIED_CORE,true,published,00000000-0000-0000-0000-000000000001,super_admin,2026-10-04T09:17:30.23138+00:00,true,public,4c202719805725259a532e4127bffa8fd7fddf7bbff7c8a4b3e84e78b25370e8,0,0,"Exact normalized hash match with verified core repository bank (Data Structures & Algorithms, subject: Data Structures & Algorithms)","What is the optimal approach to merge K sorted linked lists having a total of N nodes?"
577a441f-2ee4-4097-88ee-34ff2d9b2b29,VERIFIED_CORE,true,published,00000000-0000-0000-0000-000000000001,super_admin,2026-10-04T09:17:30.770295+00:00,true,public,8058aacbf6ea147ecdaa878a47c3830bd1c617ce863abab16c2dc3421e7550bf,0,0,"Exact normalized hash match with verified core repository bank (Data Structures & Algorithms, subject: Data Structures & Algorithms)","How is a circular queue implemented using an array of size N to differentiate between a full and an "
cd273d36-1b4a-4bc2-93bb-51f3e341a787,VERIFIED_CORE,true,published,00000000-0000-0000-0000-000000000001,super_admin,2026-10-04T09:17:31.32136+00:00,true,public,429cd14d995ad68065c8d63585f48a89f511fd27383970a869cc5103f953e89e,0,0,"Exact normalized hash match with verified core repository bank (Data Structures & Algorithms, subject: Data Structures & Algorithms)","What is the relationship between the in-order traversal of a valid Binary Search Tree (BST) and its "
8e43022f-e49d-4a7a-8bb2-b3856bd35fb2,VERIFIED_CORE,true,published,00000000-0000-0000-0000-000000000001,super_admin,2026-10-04T09:17:32.129639+00:00,true,public,4d3be95dd5e24b0458a7d209024b9cdca2a56b43988560fabea151401e8cb243,0,0,"Exact normalized hash match with verified core repository bank (Data Structures & Algorithms, subject: Data Structures & Algorithms)","What is the maximum number of nodes in a binary tree of height H (where a single root node has heigh"
ca2c5de7-6abc-430a-b048-1bb4664892be,VERIFIED_CORE,true,published,00000000-0000-0000-0000-000000000001,super_admin,2026-10-04T09:17:32.690316+00:00,true,public,2ffe3fc04af3c1bc282a5ce2ca6dde2dceed6d98f1efa11f02d0580278d49f23,0,0,"Exact normalized hash match with verified core repository bank (Data Structures & Algorithms, subject: Data Structures & Algorithms)","In an AVL tree, what is the valid range of balance factors for every node?"
ce66d807-ac33-4ea3-ae54-707a95246601,VERIFIED_CORE,true,published,00000000-0000-0000-0000-000000000001,super_admin,2026-10-04T09:17:33.242304+00:00,true,public,6bdf44c2498836a3d0dedb45baee07cbe4b969180821a3fc2f00204f59218558,0,0,"Exact normalized hash match with verified core repository bank (Data Structures & Algorithms, subject: Data Structures & Algorithms)","How do you find the Lowest Common Ancestor (LCA) of two nodes P and Q in a Binary Search Tree (BST) "
6b78d272-7188-4184-8a09-cb01af44b49b,VERIFIED_CORE,true,published,00000000-0000-0000-0000-000000000001,super_admin,2026-10-04T09:17:33.759655+00:00,true,public,32979502eebcf7f1fd7a6ba190c1027b1929ca67cb8fe5cfc7ea2f370feca4eb,0,0,"Exact normalized hash match with verified core repository bank (Data Structures & Algorithms, subject: Data Structures & Algorithms)","What is Morris Traversal and what is its main advantage over standard recursive or iterative tree tr"
5894712b-5fe5-4bc0-b871-95781631c5b7,VERIFIED_CORE,true,published,00000000-0000-0000-0000-000000000001,super_admin,2026-10-04T09:17:34.318531+00:00,true,public,69e64d3717c440e75024bc857ebd3abd594bf8872406a22a8355971db21d8baa,0,0,"Exact normalized hash match with verified core repository bank (Data Structures & Algorithms, subject: Data Structures & Algorithms)","How do you determine if a binary tree is symmetric (mirror reflection of itself)?"
b8f07298-f0aa-40da-94c4-a554ca3fdd65,VERIFIED_CORE,true,published,00000000-0000-0000-0000-000000000001,super_admin,2026-10-04T09:17:34.867856+00:00,true,public,58912bbdde64df1fee874a511e6f0e45be039b1da0136c1e52e437bcd1e0caee,0,0,"Exact normalized hash match with verified core repository bank (Data Structures & Algorithms, subject: Data Structures & Algorithms)","What is the diameter of a binary tree?"
c2a8140d-23db-4927-acb4-2c5f1626d139,VERIFIED_CORE,true,published,00000000-0000-0000-0000-000000000001,super_admin,2026-10-04T09:17:35.557238+00:00,true,public,958271c446670405855981ac0f5a62e01f3437702d4940f80586418d40842d3e,0,0,"Exact normalized hash match with verified core repository bank (Data Structures & Algorithms, subject: Data Structures & Algorithms)","Which pair of tree traversals is sufficient to reconstruct a unique binary tree?"
2b34aebe-5285-48e5-8b3a-f0cf9cbf50f5,VERIFIED_CORE,true,published,00000000-0000-0000-0000-000000000001,super_admin,2026-10-04T09:17:36.104752+00:00,true,public,5a022d2604ed8664efbf4cfb25f99bce236928db213db4af69dc7d72a76ef747,0,0,"Exact normalized hash match with verified core repository bank (Data Structures & Algorithms, subject: Data Structures & Algorithms)","In a Red-Black Tree, what is the maximum possible height of a tree containing N nodes?"
971c5b3a-8f8d-4ec8-9b42-6528be9b83eb,VERIFIED_CORE,true,published,00000000-0000-0000-0000-000000000001,super_admin,2026-10-04T09:17:36.623605+00:00,true,public,b8b4478c2d4b0aa90054b6c58aa8ae9ed0f12dad67a70d4ddfa8359e07b504a3,0,0,"Exact normalized hash match with verified core repository bank (Data Structures & Algorithms, subject: Data Structures & Algorithms)","What is the time complexity of deleting a node from a Binary Search Tree with N nodes in the worst c"
5a994f58-239e-4b0a-bdd0-a284edcb778d,VERIFIED_CORE,true,published,00000000-0000-0000-0000-000000000001,super_admin,2026-10-04T09:17:37.177762+00:00,true,public,bb594a07d1ebaa57b3d03ff56f6f41428bcf3680bf516a279742771a9b969144,0,0,"Exact normalized hash match with verified core repository bank (Data Structures & Algorithms, subject: Data Structures & Algorithms)","What is the time and space complexity of Breadth-First Search (BFS) on an adjacency-list graph with "
e8195d32-777e-4de3-b7b5-655b9186a24f,VERIFIED_CORE,true,published,00000000-0000-0000-0000-000000000001,super_admin,2026-10-04T09:17:37.71274+00:00,true,public,b4b17040285af4b89d0eb896655cb4fc84318240cef3a2be038d571de0092809,0,0,"Exact normalized hash match with verified core repository bank (Data Structures & Algorithms, subject: Data Structures & Algorithms)","Which algorithm finds Single-Source Shortest Paths in a directed graph with non-negative edge weight"
3b1028ec-adce-457e-a3db-747be14c429e,VERIFIED_CORE,true,published,00000000-0000-0000-0000-000000000001,super_admin,2026-10-04T09:17:38.241092+00:00,true,public,8d7e51c36925b31afb54f255e40da661b49ac417a44e4d6c8d8408ba690c4b22,0,0,"Exact normalized hash match with verified core repository bank (Data Structures & Algorithms, subject: Data Structures & Algorithms)","Which algorithm detects negative weight cycles in a directed weighted graph and what is its time com"
f4b017a7-5f45-4d2a-bec0-29031b1c24be,VERIFIED_CORE,true,published,00000000-0000-0000-0000-000000000001,super_admin,2026-10-04T09:17:38.772668+00:00,true,public,682123cd7c4fd12d38cab08f1b109edc03c9a7bab343c3015199179941f28abd,0,0,"Exact normalized hash match with verified core repository bank (Data Structures & Algorithms, subject: Data Structures & Algorithms)","What is Kahn's Algorithm used for and what data structure does it maintain?"
5f4fd9f0-f884-4b02-9caf-ca0c3eb85190,VERIFIED_CORE,true,published,00000000-0000-0000-0000-000000000001,super_admin,2026-10-04T09:17:39.310558+00:00,true,public,e6b8ef60b85a1a1d5db8446fde8597415783a8e3422def6f13a13b9366165d76,0,0,"Exact normalized hash match with verified core repository bank (Data Structures & Algorithms, subject: Data Structures & Algorithms)","How does Kruskal's Algorithm construct a Minimum Spanning Tree (MST) and what data structure optimiz"
fbe1bb22-b3a7-475e-aa13-585e7a4f1d81,VERIFIED_CORE,true,published,00000000-0000-0000-0000-000000000001,super_admin,2026-10-04T09:17:39.923376+00:00,true,public,8f5d68c3901c34524f5396d9abb39af7e43cfd92a810c499949c3245cd75be35,0,0,"Exact normalized hash match with verified core repository bank (Data Structures & Algorithms, subject: Data Structures & Algorithms)","What is a Disjoint Set Union (DSU) with Path Compression and Union by Rank complexity for M operatio"
bd3d4a19-2cbc-4011-838a-0749cfb274f5,VERIFIED_CORE,true,published,00000000-0000-0000-0000-000000000001,super_admin,2026-10-04T09:17:40.484604+00:00,true,public,49342d687c560c8c2b8f13127dfe9fc73c1ee0ab171bc254112b6b8d6b5f9c52,0,0,"Exact normalized hash match with verified core repository bank (Data Structures & Algorithms, subject: Data Structures & Algorithms)","Why is QuickSort preferred over MergeSort for arrays, while MergeSort is preferred for Linked Lists?"
6ca2b9ec-a1ba-440b-972f-e667cfc5ff24,VERIFIED_CORE,true,published,00000000-0000-0000-0000-000000000001,super_admin,2026-10-04T09:17:41.119753+00:00,true,public,e450a0de5c514679e86e69d4101dd6b66216eb4dc8d7f95a1d08b754df2d8732,0,0,"Exact normalized hash match with verified core repository bank (Data Structures & Algorithms, subject: Data Structures & Algorithms)","What is the worst-case time complexity of QuickSelect to find the K-th smallest element, and how can"
a6e554fd-bb56-4ee5-8255-953500b97c12,VERIFIED_CORE,true,published,00000000-0000-0000-0000-000000000001,super_admin,2026-10-04T09:17:41.670151+00:00,true,public,09c6446cc5f60d1190bb11edd0404487d26f08df77c31398dea9dea4f50107ab,0,0,"Exact normalized hash match with verified core repository bank (Data Structures & Algorithms, subject: Data Structures & Algorithms)","What is the condition to apply Binary Search on an answer space (Binary Search on Answer)?"
6dbe96d2-33b0-45fc-bc7e-8e6a7c948a58,VERIFIED_CORE,true,published,00000000-0000-0000-0000-000000000001,super_admin,2026-10-04T09:17:42.223657+00:00,true,public,ac5994641cd7c40a9515439e2fdccc7fcb5c212a43faf0049fde6204fa11ccb9,0,0,"Exact normalized hash match with verified core repository bank (Data Structures & Algorithms, subject: Data Structures & Algorithms)","What is the time complexity of building a Binary Heap of N elements from an unsorted array using Flo"
8d6c3a59-53e0-490d-832b-2cd0e9768fc9,VERIFIED_CORE,true,published,00000000-0000-0000-0000-000000000001,super_admin,2026-10-04T09:17:43.300851+00:00,true,public,5aa8ec0003d5942f11a66605497ab788276558f727bc07fde40002b073695828,0,0,"Exact normalized hash match with verified core repository bank (Data Structures & Algorithms, subject: Data Structures & Algorithms)","What two fundamental properties must a problem exhibit for Dynamic Programming to be applicable?"
ad9de89c-b6bc-4c79-9218-8b30ce9351e6,VERIFIED_CORE,true,published,00000000-0000-0000-0000-000000000001,super_admin,2026-10-04T09:17:43.837884+00:00,true,public,be6d9fab6c268d8774875e4a7c8fcaeb94a94392b4afdc2bb6485f8d6372e069,0,0,"Exact normalized hash match with verified core repository bank (Data Structures & Algorithms, subject: Data Structures & Algorithms)","In the 0/1 Knapsack problem with N items and maximum weight capacity W, what is the time and space c"
757db9e4-84e0-4298-ba0b-fb91e0e3baef,VERIFIED_CORE,true,published,00000000-0000-0000-0000-000000000001,super_admin,2026-10-04T09:17:44.360064+00:00,true,public,d9f3b35603eecb98f7c6b4a63b4cdaef4c836eabdc018ee91d2e3fa62d8c632a,0,0,"Exact normalized hash match with verified core repository bank (Data Structures & Algorithms, subject: Data Structures & Algorithms)","What is the optimal time complexity to find the Longest Increasing Subsequence (LIS) of an array of "
745cceb8-ea33-4f68-a05a-012f8f2dd39d,VERIFIED_CORE,true,published,00000000-0000-0000-0000-000000000001,super_admin,2026-10-04T09:17:44.921981+00:00,true,public,a8725963852c3ba8dcbe5c7f09ba36676c69f2ab68ec8862926dbd9851f22e7c,0,0,"Exact normalized hash match with verified core repository bank (Data Structures & Algorithms, subject: Data Structures & Algorithms)","In the Edit Distance (Levenshtein Distance) problem between two strings of lengths M and N, what are"
8d936115-70af-4866-b6dc-68c01f43f7f5,VERIFIED_CORE,true,published,00000000-0000-0000-0000-000000000001,super_admin,2026-10-04T09:17:45.443463+00:00,true,public,8a60bc274897dbaf4c6ed0ba1175cb31b687a8f630aa5dbc65a68457be266093,0,0,"Exact normalized hash match with verified core repository bank (Data Structures & Algorithms, subject: Data Structures & Algorithms)","What is the difference between Top-Down with Memoization and Bottom-Up Tabulation in Dynamic Program"
ae8b4169-0f45-489f-a9d6-9cf137dd1f95,VERIFIED_CORE,true,published,00000000-0000-0000-0000-000000000001,super_admin,2026-10-04T09:17:45.977585+00:00,true,public,a039149ffb636aaf19bff9b85d0c2655f49b22c55277c7e1f97d734b338a79a3,0,0,"Exact normalized hash match with verified core repository bank (Data Structures & Algorithms, subject: Data Structures & Algorithms)","In the Matrix Chain Multiplication problem for N matrices, what is the time complexity of the dynami"
82c7b9ff-e234-4cd8-a475-282d65e8c809,VERIFIED_CORE,true,published,00000000-0000-0000-0000-000000000001,super_admin,2026-10-04T09:17:46.945668+00:00,true,public,77fcd6d4b28303ea8c15ddb74eee678efe6a0b337d050c788c03e2cf50ac0fe3,0,0,"Exact normalized hash match with verified core repository bank (Data Structures & Algorithms, subject: Data Structures & Algorithms)","What is the space-optimized solution for the ""Climbing Stairs"" (or Fibonacci) problem where you ca"
8b2ff961-c3c5-42c2-9100-069da6352831,VERIFIED_CORE,true,published,00000000-0000-0000-0000-000000000001,super_admin,2026-10-04T09:17:47.534167+00:00,true,public,904e20c81346c66e17cf699780591c5c64eed0a08ca947448fb24f694d468dff,0,0,"Exact normalized hash match with verified core repository bank (Data Structures & Algorithms, subject: Data Structures & Algorithms)","In the Coin Change Problem (minimum coins to make change for amount V with coins of denominations C1"
0a45f5c0-80b4-4e9e-936c-2e21b8ac6846,VERIFIED_CORE,true,published,00000000-0000-0000-0000-000000000001,super_admin,2026-10-04T09:17:48.067127+00:00,true,public,30a09b2ea16a0555800912b360d7c38bc7eaec9f72ba04771ce63fbf684e5209,0,0,"Exact normalized hash match with verified core repository bank (Data Structures & Algorithms, subject: Data Structures & Algorithms)","Why does the Greedy algorithm fail for the general Coin Change Problem with denominations {1, 3, 4} "
88674942-e3e6-4337-b13a-4fd5ca018e8b,VERIFIED_CORE,true,published,00000000-0000-0000-0000-000000000001,super_admin,2026-10-04T09:17:48.61864+00:00,true,public,235a0b2ae7d5e7541944b0c7461b91537f4e212dbea20ed1dcac129b18d222a3,0,0,"Exact normalized hash match with verified core repository bank (Data Structures & Algorithms, subject: Data Structures & Algorithms)","What is the time complexity of computing the Longest Common Subsequence (LCS) between two strings of"
93100eb5-425d-4f15-aaa4-79e2813f62ba,VERIFIED_CORE,true,published,00000000-0000-0000-0000-000000000001,super_admin,2026-10-04T09:17:49.240113+00:00,true,public,c04df3102ca01aaa096642ceb7c104f934524a0f6359af4b1b8eab71edfad0af,0,0,"Exact normalized hash match with verified core repository bank (DBMS & SQL, subject: DBMS & SQL)","Which ACID property guarantees that all operations within a database transaction either execute to c"
96fe7e3b-ffaf-488c-9e72-9c0017b73313,VERIFIED_CORE,true,published,00000000-0000-0000-0000-000000000001,super_admin,2026-10-04T09:17:49.824855+00:00,true,public,1d0738b3c00423148af2ea3c2e843e0bebc4f7ead18b6cd475f6ace637a38050,0,0,"Exact normalized hash match with verified core repository bank (DBMS & SQL, subject: DBMS & SQL)","A relation R with functional dependencies is in Boyce-Codd Normal Form (BCNF) if and only if for eve"
ccecbe0b-e3e3-40fc-af01-b7e8b3ff1b33,VERIFIED_CORE,true,published,00000000-0000-0000-0000-000000000001,super_admin,2026-10-04T09:17:50.764371+00:00,true,public,073f2b50a0119631f00798e935e65d3a3400d6dcdb0bf8eff5e3ccf36527f509,0,0,"Exact normalized hash match with verified core repository bank (DBMS & SQL, subject: DBMS & SQL)","What is a ""Phantom Read"" anomaly in relational database concurrency?"
abb257da-34a0-44fd-8ebe-83f27de8af47,VERIFIED_CORE,true,published,00000000-0000-0000-0000-000000000001,super_admin,2026-10-04T09:17:51.303659+00:00,true,public,a51d4b04597f02e8a705075db485eac988452c34574f58b94e95af30db908568,0,0,"Exact normalized hash match with verified core repository bank (DBMS & SQL, subject: DBMS & SQL)","Which ANSI SQL transaction isolation level prevents Dirty Reads and Non-Repeatable Reads, but may st"
e75226f2-8df3-481f-beb2-f0cc0179959a,VERIFIED_CORE,true,published,00000000-0000-0000-0000-000000000001,super_admin,2026-10-04T09:17:51.859757+00:00,true,public,3e5e91ac25e02f6a88edfc5aa2ee69aed8b192411e0f01a1364c6bb4a380113c,0,0,"Exact normalized hash match with verified core repository bank (DBMS & SQL, subject: DBMS & SQL)","Why are B+ Trees predominantly preferred over B-Trees for relational database disk storage and index"
594e96db-d48e-413a-a6d0-0098b4cb3856,VERIFIED_CORE,true,published,00000000-0000-0000-0000-000000000001,super_admin,2026-10-04T09:17:52.382882+00:00,true,public,f7e6b679171546c22142780942d5976d727bb6da78298d5975508108ee1a6fda,0,0,"Exact normalized hash match with verified core repository bank (DBMS & SQL, subject: DBMS & SQL)","In the Two-Phase Locking (2PL) protocol, what characterizes the Growing Phase and the Shrinking Phas"
9b9e34f2-a622-4c12-b41e-355a7f5e035a,VERIFIED_CORE,true,published,00000000-0000-0000-0000-000000000001,super_admin,2026-10-04T09:17:52.917919+00:00,true,public,40b8742943d3d6d1be5dc6a47282b0ce4fbee6322dfbf1cffb0e42e8f112aac8,0,0,"Exact normalized hash match with verified core repository bank (DBMS & SQL, subject: DBMS & SQL)","What is the key difference between Strict 2PL and Rigorous 2PL?"
5ae4b956-1a03-4466-8f66-866d1565a40e,INSTITUTIONAL,true,published,00000000-0000-0000-0000-000000000103,faculty,2026-07-20T16:26:33.021635+00:00,false,public,06a4e87109ce3d1096dcf236e11b3d53dce370d6533336e48213c93ccf736dc2,0,19,"Created by verified faculty member (Faculty Member 3 <faculty3@aset.com>, role: faculty). Originates from seed institutional mock assessment bank.","Mock Technical Question 17: What is the time complexity of QuickSort?"
f1fecf1a-90f2-45be-a2a4-4ce1a2dd57be,VERIFIED_CORE,true,published,00000000-0000-0000-0000-000000000001,super_admin,2026-10-04T09:17:53.444558+00:00,true,public,a79f591190e6cd8de032cdbc12ada270906c4b76c144a48e9829d557ade92db4,0,0,"Exact normalized hash match with verified core repository bank (DBMS & SQL, subject: DBMS & SQL)","What is the ""Write-Ahead Logging"" (WAL) rule in database recovery management?"
0339189c-609c-4b17-ba7e-032c4f7e1c7d,VERIFIED_CORE,true,published,00000000-0000-0000-0000-000000000001,super_admin,2026-10-04T09:17:53.992831+00:00,true,public,f7d35926bb472c287f63ad708bf322c4f725c2932d3894a91ccc2c17b0592b18,0,0,"Exact normalized hash match with verified core repository bank (DBMS & SQL, subject: DBMS & SQL)","Under the ""Wait-Die"" deadlock prevention scheme (non-preemptive based on timestamps where older tr"
9e2dcd1b-1231-4a02-bd0e-8bce1df33eac,VERIFIED_CORE,true,published,00000000-0000-0000-0000-000000000001,super_admin,2026-10-04T09:17:54.540169+00:00,true,public,9107dda8e22c003247ff815366d850508de304c0e4d25b8fbd3d03def4850e32,0,0,"Exact normalized hash match with verified core repository bank (DBMS & SQL, subject: DBMS & SQL)","What constitutes a ""Transitive Dependency"" in relational database normalization?"
89dd2488-8b0f-415b-94d9-e50d6cbc8ded,VERIFIED_CORE,true,published,00000000-0000-0000-0000-000000000001,super_admin,2026-10-04T09:17:55.275326+00:00,true,public,64e557ec973972f88bdda727921f10d162fb1186c8b09bab77d978e90b67c4fb,0,0,"Exact normalized hash match with verified core repository bank (DBMS & SQL, subject: DBMS & SQL)","What is a ""Clustered Index"" in a relational database management system?"
81325822-6a27-47af-98da-6ee9497adac9,VERIFIED_CORE,true,published,00000000-0000-0000-0000-000000000001,super_admin,2026-10-04T09:17:55.803668+00:00,true,public,7669bc8525391a0ab44b1a6014d58f46f959a09479231a9d32b28477d9b8ddaa,0,0,"Exact normalized hash match with verified core repository bank (DBMS & SQL, subject: DBMS & SQL)","In Relational Algebra, which fundamental operation is equivalent to a Cartesian Product followed by "
1a30763f-f70d-4564-b5f3-97a6de3ebba2,VERIFIED_CORE,true,published,00000000-0000-0000-0000-000000000001,super_admin,2026-10-04T09:17:56.917629+00:00,true,public,b6b5a3a2334d94df233924946f9d71d5bf909aa393ed0166d6d3bd04b4ccd60c,0,0,"Exact normalized hash match with verified core repository bank (DBMS & SQL, subject: DBMS & SQL)","What is the purpose of Checkpoints in database log recovery?"
6bb06cba-c2cd-45b2-a904-484ad81bb757,VERIFIED_CORE,true,published,00000000-0000-0000-0000-000000000001,super_admin,2026-10-04T09:17:57.490568+00:00,true,public,77a55d6144a179b5b8901f815e5ef5149410b241b1cb91df9197b2fda7c3049f,0,0,"Exact normalized hash match with verified core repository bank (DBMS & SQL, subject: DBMS & SQL)","A relation R(A, B, C, D) has functional dependencies: A -> B, B -> C, C -> D. What is the candidate "
6c107e1a-6c0f-4ca7-b8b3-0b72e9a75612,VERIFIED_CORE,true,published,00000000-0000-0000-0000-000000000001,super_admin,2026-10-04T09:17:58.422311+00:00,true,public,0840fc6d80c4f71b7318e2dbb4e4b29788786b07a83306785c2ee9c9a60da6e7,0,0,"Exact normalized hash match with verified core repository bank (DBMS & SQL, subject: DBMS & SQL)","In the relational model, what is ""Referential Integrity""?"
90d82838-2e01-4ce4-afa0-152bfef32f27,VERIFIED_CORE,true,published,00000000-0000-0000-0000-000000000001,super_admin,2026-10-04T09:17:59.025482+00:00,true,public,a230de9238b73aecc9dae52d18cc33560e7cc35888e5e929599df41bea580bbc,0,0,"Exact normalized hash match with verified core repository bank (DBMS & SQL, subject: DBMS & SQL)","What is the difference between a Dense Index and a Sparse Index in database physical storage?"
f9ccedc8-c920-482f-aa00-c2ef23bcc1b2,VERIFIED_CORE,true,published,00000000-0000-0000-0000-000000000001,super_admin,2026-10-04T09:17:59.553044+00:00,true,public,5885c1360c32c3f4106c213ec3999ed444edc2c24e47307d88244f15c9f652d3,0,0,"Exact normalized hash match with verified core repository bank (DBMS & SQL, subject: DBMS & SQL)","What is the ""Cascading Rollback"" (or cascading abort) problem in concurrent database schedules?"
c47a45d1-c80e-4951-a9e8-12df84871e70,VERIFIED_CORE,true,published,00000000-0000-0000-0000-000000000001,super_admin,2026-10-04T09:18:00.087583+00:00,true,public,82627fb355ef0cdebc006b902e466b0cb7c33043136e633114e80010d3bf991d,0,0,"Exact normalized hash match with verified core repository bank (DBMS & SQL, subject: DBMS & SQL)","Which of the following schedules is guaranteed to be Conflict Serializable?"
def1a258-7b06-49d4-87f4-f5036cb3bf7e,VERIFIED_CORE,true,published,00000000-0000-0000-0000-000000000001,super_admin,2026-10-04T09:18:00.643489+00:00,true,public,d44a02e7e5ce0a0f3813ecb05560f58bf47736f9fef236074ee2532c5f798a59,0,0,"Exact normalized hash match with verified core repository bank (DBMS & SQL, subject: DBMS & SQL)","What is the 3-Schema Architecture (ANSI/SPARC Architecture) in DBMS design?"
d24a77da-e22a-45fd-b7ae-8b2d70b51beb,VERIFIED_CORE,true,published,00000000-0000-0000-0000-000000000001,super_admin,2026-10-04T09:18:01.166453+00:00,true,public,060fb0957d0235d4ff3d3f53da9e7dff3c2f7bae28133e1199b7ea6c9351e6c6,0,0,"Exact normalized hash match with verified core repository bank (DBMS & SQL, subject: DBMS & SQL)","What is the difference between Physical Data Independence and Logical Data Independence?"
217e084b-2298-4b86-913a-57d2c9a8f85d,VERIFIED_CORE,true,published,00000000-0000-0000-0000-000000000001,super_admin,2026-10-04T09:18:01.70665+00:00,true,public,3b3e64eaec2d80bce07e07f22e9bd2f40112b4a54eefc89cecc73a0168842c96,0,0,"Exact normalized hash match with verified core repository bank (DBMS & SQL, subject: DBMS & SQL)","In Second Normal Form (2NF), which condition must be satisfied?"
f74b94b8-54d0-400d-b308-98d02a4716bc,VERIFIED_CORE,true,published,00000000-0000-0000-0000-000000000001,super_admin,2026-10-04T09:18:02.250549+00:00,true,public,33efc4753fda8508e56701b60424d71be0674d263007e58d1cb168b5c1a4bb90,0,0,"Exact normalized hash match with verified core repository bank (DBMS & SQL, subject: DBMS & SQL)","What is a ""Blind Write"" in transaction management?"
343caaea-5aa7-4ea8-8fb9-c65335b4b571,VERIFIED_CORE,true,published,00000000-0000-0000-0000-000000000001,super_admin,2026-10-04T09:18:23.77971+00:00,true,public,c83aa47b686c55d0b1d68d277a9b090c1d36d83a1d571436c3daa59f7241239a,0,0,"Exact normalized hash match with verified core repository bank (DBMS & SQL, subject: DBMS & SQL)","What does `PARTITION BY` do inside an `OVER()` window clause in SQL?"
7ac6e25b-3ebe-4634-80b3-2a137fd99bbb,VERIFIED_CORE,true,published,00000000-0000-0000-0000-000000000001,super_admin,2026-10-04T09:18:02.789595+00:00,true,public,7ccfed23637a39f9f462f6272b6b345eddaa5cdb3beade609c936b8e194bd7a7,0,0,"Exact normalized hash match with verified core repository bank (DBMS & SQL, subject: DBMS & SQL)","In database query optimization, what is ""Cost-Based Query Optimization"" (CBO)?"
3b16ab51-6e5f-47e9-9146-f9c55b4b0423,VERIFIED_CORE,true,published,00000000-0000-0000-0000-000000000001,super_admin,2026-10-04T09:18:03.341997+00:00,true,public,c6894308a6908f2701230da525eab08b8a396222730bf052f70389f486abd686,0,0,"Exact normalized hash match with verified core repository bank (DBMS & SQL, subject: DBMS & SQL)","What is a ""Dirty Read"" anomaly?"
6532f18f-72ac-4bc3-80e3-a09fabecb0af,VERIFIED_CORE,true,published,00000000-0000-0000-0000-000000000001,super_admin,2026-10-04T09:18:04.396444+00:00,true,public,92046aee1a572e5c1e43682b1133c9d7740427cdd4e998874f870266fae12bc4,0,0,"Exact normalized hash match with verified core repository bank (DBMS & SQL, subject: DBMS & SQL)","What is Multi-Version Concurrency Control (MVCC) used in modern databases like PostgreSQL?"
a8831648-7d58-4fe1-8285-5c0675d9c43c,VERIFIED_CORE,true,published,00000000-0000-0000-0000-000000000001,super_admin,2026-10-04T09:18:05.604087+00:00,true,public,162e9d2167304dab3fa21d2de39aa5993be740834cf153f6fa5817314ba5fadb,0,0,"Exact normalized hash match with verified core repository bank (DBMS & SQL, subject: DBMS & SQL)","Which Armstrong's Axiom states: ""If X -> Y and Y -> Z, then X -> Z""?"
2963c723-d80d-4a02-bd4d-6f1b122f48d4,VERIFIED_CORE,true,published,00000000-0000-0000-0000-000000000001,super_admin,2026-10-04T09:18:06.159482+00:00,true,public,2afb46a9db47da64c551030dd59ea6cc281df486cc5663bb32dd96669d8f1f9e,0,0,"Exact normalized hash match with verified core repository bank (DBMS & SQL, subject: DBMS & SQL)","What is a ""Weak Entity Set"" in an Entity-Relationship (ER) model and how is it identified?"
23dc2687-f7d6-4b0f-a9f8-3da5c0a797ee,VERIFIED_CORE,true,published,00000000-0000-0000-0000-000000000001,super_admin,2026-10-04T09:18:06.720152+00:00,true,public,734a1881483f9da5072a181031f97b68da61642b8b399cc0d5d156819b7628ed,0,0,"Exact normalized hash match with verified core repository bank (DBMS & SQL, subject: DBMS & SQL)","What is the role of the ARIES recovery algorithm in modern databases?"
3d4e85fe-7347-414b-89f3-be96934a196e,VERIFIED_CORE,true,published,00000000-0000-0000-0000-000000000001,super_admin,2026-10-04T09:18:07.480052+00:00,true,public,dc4e7f72f3dc59b46e7ae6932bfe9a2c77172c8e810865c12b3566d9af5af249,0,0,"Exact normalized hash match with verified core repository bank (DBMS & SQL, subject: DBMS & SQL)","What is the cardinality of the Cartesian Product of relation R with M tuples and relation S with N t"
c3dcf026-26e8-4fc7-b984-f8c2950a8d4b,VERIFIED_CORE,true,published,00000000-0000-0000-0000-000000000001,super_admin,2026-10-04T09:18:08.295962+00:00,true,public,667718011eb2f9d092383ee76553025c421017d74cb72624414971e8588be6d5,0,0,"Exact normalized hash match with verified core repository bank (DBMS & SQL, subject: DBMS & SQL)","In B-Tree indexing, what is the minimum number of keys in any non-root node of order M?"
67f99608-af05-4ee3-a791-8eab8e4fc319,VERIFIED_CORE,true,published,00000000-0000-0000-0000-000000000001,super_admin,2026-10-04T09:18:08.940349+00:00,true,public,b1c66b60c5f92e550ee3fdefee10085eefae19527dad059627a80ac24b4480c6,0,0,"Exact normalized hash match with verified core repository bank (DBMS & SQL, subject: DBMS & SQL)","What is the crucial difference between the `WHERE` clause and the `HAVING` clause in SQL?"
f4248b71-b3bc-4531-b11b-52a41f6ad5fc,VERIFIED_CORE,true,published,00000000-0000-0000-0000-000000000001,super_admin,2026-10-04T09:18:09.501127+00:00,true,public,8ca5bd8d24c85599c3e70bfe99423ff1d581ca08e09a765a7a25b7a06ac88c86,0,0,"Exact normalized hash match with verified core repository bank (DBMS & SQL, subject: DBMS & SQL)","What does `COUNT(*)` return versus `COUNT(column_name)` in SQL?"
0e96ba3e-4ed2-48de-81d0-ab4555efb56e,VERIFIED_CORE,true,published,00000000-0000-0000-0000-000000000001,super_admin,2026-10-04T09:18:10.024214+00:00,true,public,d8f8b74fd31c73624360cb54f603ef857d3e4d8c3a1ddb9b3cdb22c6a22610ec,0,0,"Exact normalized hash match with verified core repository bank (DBMS & SQL, subject: DBMS & SQL)","What is the difference between `RANK()` and `DENSE_RANK()` window functions in SQL when ties occur?"
38555b2c-537a-4888-bef8-364debba5bba,VERIFIED_CORE,true,published,00000000-0000-0000-0000-000000000001,super_admin,2026-10-04T09:18:10.61046+00:00,true,public,f5c6caa1a2a175c9438b1f5a0a3b72511f2b7a2c38bda7487edc8d09c31140ac,0,0,"Exact normalized hash match with verified core repository bank (DBMS & SQL, subject: DBMS & SQL)","What is the SQL query to find the N-th highest salary from an `employees` table without using vendor"
5721a133-426b-4b28-bce2-cb69d2ae5c9b,VERIFIED_CORE,true,published,00000000-0000-0000-0000-000000000001,super_admin,2026-10-04T09:18:11.451933+00:00,true,public,c938c08f0ac46baa06aafddf45f46697cd282a53499a057ab132ce17d88ea65d,0,0,"Exact normalized hash match with verified core repository bank (DBMS & SQL, subject: DBMS & SQL)","What is the difference between `UNION` and `UNION ALL` in SQL?"
2cdb3ba5-73db-4a08-867f-9d8372b11c7a,VERIFIED_CORE,true,published,00000000-0000-0000-0000-000000000001,super_admin,2026-10-04T09:18:12.087414+00:00,true,public,16273601fdbb813fee6a5d0b9f02d9ae1bead989fe4f4415056eafca3bc5d698,0,0,"Exact normalized hash match with verified core repository bank (DBMS & SQL, subject: DBMS & SQL)","What is a ""Correlated Subquery"" in SQL?"
eadc52c8-d1e8-435e-b235-fe2dbaf72a67,VERIFIED_CORE,true,published,00000000-0000-0000-0000-000000000001,super_admin,2026-10-04T09:18:12.653951+00:00,true,public,c5ffd825088e8a7e518f05ffaf75763886feaaa00ba3f2af5977c7c1ce632056,0,0,"Exact normalized hash match with verified core repository bank (DBMS & SQL, subject: DBMS & SQL)","What is the output of the comparison `NULL = NULL` in standard SQL three-valued logic?"
232dd9f8-112a-4e8e-8c6c-6f2e23d6e574,VERIFIED_CORE,true,published,00000000-0000-0000-0000-000000000001,super_admin,2026-10-04T09:18:13.455314+00:00,true,public,eda7b493095264c8d23dacd7879e1029d3aeef931d2129abe67655747b19b1d5,0,0,"Exact normalized hash match with verified core repository bank (DBMS & SQL, subject: DBMS & SQL)","What is the effect of `ON DELETE CASCADE` in a Foreign Key constraint definition?"
e3c497d7-1acd-4925-9325-425546b6cf90,VERIFIED_CORE,true,published,00000000-0000-0000-0000-000000000001,super_admin,2026-10-04T09:18:14.182749+00:00,true,public,957287f110f7571eca00cff0066d4184f625071e21f1267af3b7de5bc30423a7,0,0,"Exact normalized hash match with verified core repository bank (DBMS & SQL, subject: DBMS & SQL)","What is the difference between `DELETE`, `TRUNCATE`, and `DROP` commands in SQL?"
d8ef789f-2711-44a4-aa4f-50bbe2bd2730,VERIFIED_CORE,true,published,00000000-0000-0000-0000-000000000001,super_admin,2026-10-04T09:18:14.76632+00:00,true,public,f193e9fe367184131194b3512c579d7428e69a15992c82458323fe7e0845071b,0,0,"Exact normalized hash match with verified core repository bank (DBMS & SQL, subject: DBMS & SQL)","What does the `COALESCE()` function do in SQL?"
12bc65cb-ff76-4227-a76e-406f29c5519e,VERIFIED_CORE,true,published,00000000-0000-0000-0000-000000000001,super_admin,2026-10-04T09:18:15.328374+00:00,true,public,6604365d52000587cc5e1ed2eccba9c15e7c01659c3b6c3fa0595a9701e9ae3a,0,0,"Exact normalized hash match with verified core repository bank (DBMS & SQL, subject: DBMS & SQL)","In SQL window functions, what do `LEAD()` and `LAG()` do?"
8caa31ec-76bf-4be4-833b-286a7507bad2,VERIFIED_CORE,true,published,00000000-0000-0000-0000-000000000001,super_admin,2026-10-04T09:18:15.895271+00:00,true,public,4a3b8162ef437f3d104fe442f921f241e41d9e2c7386c6cee4ee2b2ff8452945,0,0,"Exact normalized hash match with verified core repository bank (DBMS & SQL, subject: DBMS & SQL)","What is a Common Table Expression (CTE) in SQL defined with the `WITH` keyword?"
56258f85-d3be-44f6-9ff8-9967f675c9d8,VERIFIED_CORE,true,published,00000000-0000-0000-0000-000000000001,super_admin,2026-10-04T09:18:16.428869+00:00,true,public,d5298c31b28724516e7c3f0ccffdc4c905c9cf8e5e48262962ea15b665e9490f,0,0,"Exact normalized hash match with verified core repository bank (DBMS & SQL, subject: DBMS & SQL)","How do you delete duplicate rows from a table while keeping only one copy in standard SQL using wind"
67f9e7bf-1a81-4a38-bd49-6fe53b1d77ab,VERIFIED_CORE,true,published,00000000-0000-0000-0000-000000000001,super_admin,2026-10-04T09:18:17.31381+00:00,true,public,ef4793b8e3b97a40965d9035397d5cc88f4a2fb7757fb9dbe66b93766d85ddf4,0,0,"Exact normalized hash match with verified core repository bank (DBMS & SQL, subject: DBMS & SQL)","What is a ""Self Join"" in SQL and when is it typically used?"
dcd9e001-7323-435f-a993-7ce12324a0fc,VERIFIED_CORE,true,published,00000000-0000-0000-0000-000000000001,super_admin,2026-10-04T09:18:17.873497+00:00,true,public,399b919af9e4867051321d3e44f909e0dd15fac2bcc4e0a2d87dd3e076e41f11,0,0,"Exact normalized hash match with verified core repository bank (DBMS & SQL, subject: DBMS & SQL)","What is the difference between a View and a Materialized View in PostgreSQL / SQL?"
1e690fb3-4f3c-4f63-9cd6-14cb8b89cf9e,VERIFIED_CORE,true,published,00000000-0000-0000-0000-000000000001,super_admin,2026-10-04T09:18:18.4263+00:00,true,public,780ff08324030b299822059d8057548f78c5c87e278a4237c90a09bf2509feb9,0,0,"Exact normalized hash match with verified core repository bank (DBMS & SQL, subject: DBMS & SQL)","What is the purpose of the `EXPLAIN ANALYZE` command in PostgreSQL / SQL?"
5d8e906c-264e-4cbd-9f65-ee94e2c92928,VERIFIED_CORE,true,published,00000000-0000-0000-0000-000000000001,super_admin,2026-10-04T09:18:18.971737+00:00,true,public,cc399aae82e838bd5a82f8e554583a65a2c72bc2c30bca3f4b933321ef3638f6,0,0,"Exact normalized hash match with verified core repository bank (DBMS & SQL, subject: DBMS & SQL)","What is the result of `SELECT 1 WHERE NULL = NULL OR 1 = 1;` in SQL?"
22618f1d-e04b-453a-9a38-034b146f0174,VERIFIED_CORE,true,published,00000000-0000-0000-0000-000000000001,super_admin,2026-10-04T09:18:19.890109+00:00,true,public,02af55f1e496d7103df26bfeaceb720ee4d5f6cfc8ce4b3a7a7324a99b4780c3,0,0,"Exact normalized hash match with verified core repository bank (DBMS & SQL, subject: DBMS & SQL)","What is the function of the `CASE` statement in SQL?"
9fa82b94-c15f-4316-9d3c-f3bbcb98ca46,VERIFIED_CORE,true,published,00000000-0000-0000-0000-000000000001,super_admin,2026-10-04T09:18:20.422538+00:00,true,public,3de111aee13b2825494469531918455e5143ed8023ae28e27ba9ef735ed75cc9,0,0,"Exact normalized hash match with verified core repository bank (DBMS & SQL, subject: DBMS & SQL)","What does a `CROSS JOIN` produce in SQL?"
8d596a27-d516-4cd5-aeea-001e8c0d9590,VERIFIED_CORE,true,published,00000000-0000-0000-0000-000000000001,super_admin,2026-10-04T09:18:20.939554+00:00,true,public,39e6e78f33b08d134314343f4bc05f7cbce977159ed752f5567c79dd07626a55,0,0,"Exact normalized hash match with verified core repository bank (DBMS & SQL, subject: DBMS & SQL)","Which constraint ensures that all values in a column are distinct, but unlike `PRIMARY KEY`, allows "
4fc73fea-aaa9-4f20-ae50-83413828acb3,VERIFIED_CORE,true,published,00000000-0000-0000-0000-000000000001,super_admin,2026-10-04T09:18:21.490088+00:00,true,public,90f8522fc91b81aae7e8d66a08df0facd46cd819b9f4fa0fe00c127f2261a71b,0,0,"Exact normalized hash match with verified core repository bank (DBMS & SQL, subject: DBMS & SQL)","What is the output of the query: `SELECT department, AVG(salary) FROM employees WHERE salary > 50000"
0a0c42a1-ffdc-4ce4-9a7c-09d842dc448f,VERIFIED_CORE,true,published,00000000-0000-0000-0000-000000000001,super_admin,2026-10-04T09:18:22.034128+00:00,true,public,7c9778aa6f26aca6cc7edf36d4635f1faa7d1f8f80184a46b7583ab72be08991,0,0,"Exact normalized hash match with verified core repository bank (DBMS & SQL, subject: DBMS & SQL)","What does the SQL wildcard character `%` represent when used with the `LIKE` operator?"
53c8530b-ac8b-496f-9def-8990071707b6,VERIFIED_CORE,true,published,00000000-0000-0000-0000-000000000001,super_admin,2026-10-04T09:18:22.672891+00:00,true,public,0fabd446f496a59969194a145710deddecccdf10bfec5137299c00977146a103,0,0,"Exact normalized hash match with verified core repository bank (DBMS & SQL, subject: DBMS & SQL)","What is a ""Composite Primary Key"" in SQL?"
65efc17d-32e2-4753-95bd-8aff24b197ac,VERIFIED_CORE,true,published,00000000-0000-0000-0000-000000000001,super_admin,2026-10-04T09:18:23.226285+00:00,true,public,5350beb5638fb5f78debd9726b03425868e4e894d80863c08a45a643556008ca,0,0,"Exact normalized hash match with verified core repository bank (DBMS & SQL, subject: DBMS & SQL)","In SQL, what is the logical order of execution of query clauses?"
1073a7e1-6242-4718-bb2f-e6182e6884ce,UNKNOWN,false,review,00000000-0000-0000-0000-000000000001,super_admin,2026-10-06T17:06:16.571936+00:00,false,private,b32b3099467f4b87d792437cee59213a7e89ade649c7e478efbeafd1f9bd984a,3,0,"Duplicate statement of personal document test question, but created by user 00000000-0000-0000-0000-000000000001 (super_admin) rather than student owner. Lacks direct personal document foreign key.","What is the LCM of 12 and 18?"
efc588d5-9805-4565-b4f6-9217ebb09a31,VERIFIED_CORE,true,published,00000000-0000-0000-0000-000000000001,super_admin,2026-10-04T09:18:24.341587+00:00,true,public,acd00b844c647d1b64a1e184cd19f4e41a11429e4f6f04f7b6a223f2ca4f0f3c,0,0,"Exact normalized hash match with verified core repository bank (DBMS & SQL, subject: DBMS & SQL)","What happens when you execute `INSERT INTO ... ON CONFLICT DO NOTHING` in PostgreSQL?"
42b26a0d-509f-44b5-93a4-667a40c2abf6,VERIFIED_CORE,true,published,00000000-0000-0000-0000-000000000001,super_admin,2026-10-04T09:18:24.920991+00:00,true,public,304e110bac0ea003c8ea1aad0d0b0fe57ea5164d68ba7d357ab372e0442fe837,0,0,"Exact normalized hash match with verified core repository bank (DBMS & SQL, subject: DBMS & SQL)","What is a ""Recursive CTE"" in SQL and what are its two constituent query parts?"
0d2177af-6409-4351-8bcd-550762a90ef0,VERIFIED_CORE,true,published,00000000-0000-0000-0000-000000000001,super_admin,2026-10-04T09:18:25.459133+00:00,true,public,55acd9975ff14603b905b640431a14a047c5d6607e06fcc3e43a3287b9bffa57,0,0,"Exact normalized hash match with verified core repository bank (DBMS & SQL, subject: DBMS & SQL)","What is the SQL standard command to cancel all changes made within an uncommitted transaction?"
134cbd5e-d78a-483a-94b0-5fb68516f1a2,VERIFIED_CORE,true,published,00000000-0000-0000-0000-000000000001,super_admin,2026-10-04T09:18:26.004779+00:00,true,public,8f769d45cf118b974e26eb23c6b8f7d74f78a396c33fa6294821fdded9abfdb2,0,0,"Exact normalized hash match with verified core repository bank (DBMS & SQL, subject: DBMS & SQL)","What is an ""Index Scan"" vs a ""Sequential Scan"" (Seq Scan) in SQL database query execution?"
6baac841-0e47-4017-999e-34d34eb1ec60,VERIFIED_CORE,true,published,00000000-0000-0000-0000-000000000001,super_admin,2026-10-04T09:18:26.538337+00:00,true,public,01cc2a873e17245f32f4aa90b05854fe48b56ff22e5f82a540b91c19f01ddf32,0,0,"Exact normalized hash match with verified core repository bank (DBMS & SQL, subject: DBMS & SQL)","What does `NULLIF(expression1, expression2)` return in SQL?"
f94d703d-50d4-416c-a98b-d29b66b72ca1,VERIFIED_CORE,true,published,00000000-0000-0000-0000-000000000001,super_admin,2026-10-04T09:18:27.07441+00:00,true,public,df56a538f83eb7bcf69f53946c3df060054dd271f6c679cc18e0bfbee3071200,0,0,"Exact normalized hash match with verified core repository bank (OOP Concepts, subject: OOP Concepts)","What is the core difference between Abstraction and Encapsulation in Object-Oriented Programming?"
b688fd55-b658-475d-ae7c-252fc335dcde,VERIFIED_CORE,true,published,00000000-0000-0000-0000-000000000001,super_admin,2026-10-04T09:18:27.723172+00:00,true,public,0a92000059c50366ecc83382eb8602511adc13e79f0fbce650017c3deda93adf,0,0,"Exact normalized hash match with verified core repository bank (OOP Concepts, subject: OOP Concepts)","Which SOLID principle states that ""Software entities (classes, modules, functions) should be open f"
69701a8d-34b7-4dcc-beb4-4abdd34e40b4,VERIFIED_CORE,true,published,00000000-0000-0000-0000-000000000001,super_admin,2026-10-04T09:18:28.563013+00:00,true,public,2729d8ec48bb9acdd26032a4ff6bfcb364cde992697071c59566be291df28334,0,0,"Exact normalized hash match with verified core repository bank (OOP Concepts, subject: OOP Concepts)","What does the Liskov Substitution Principle (LSP) require in an object-oriented inheritance hierarch"
a5ebc8c6-9fe8-4c69-8c03-c414b21b2699,VERIFIED_CORE,true,published,00000000-0000-0000-0000-000000000001,super_admin,2026-10-04T09:18:29.322084+00:00,true,public,281f35eaa35960b28d01f8ad9058484bf75f6d0e389f06d3346e361e5ede5c40,0,0,"Exact normalized hash match with verified core repository bank (OOP Concepts, subject: OOP Concepts)","What is the classic example demonstrating a violation of the Liskov Substitution Principle?"
3b0a16b1-91ba-4651-8f6a-77bba1a1135e,VERIFIED_CORE,true,published,00000000-0000-0000-0000-000000000001,super_admin,2026-10-04T09:18:29.849155+00:00,true,public,c6ef20f1f120597addd4ed51c79160529b91efb4fec5d641b30ed31c86eef122,0,0,"Exact normalized hash match with verified core repository bank (OOP Concepts, subject: OOP Concepts)","What is the difference between Method Overloading (Compile-time Polymorphism) and Method Overriding "
ad38bfbe-6f53-4729-bca1-891e8073a203,VERIFIED_CORE,true,published,00000000-0000-0000-0000-000000000001,super_admin,2026-10-04T09:18:30.386059+00:00,true,public,8ce54c5e14ad0900d79504c01fbfcb36dabcbc2f68fc6329a132dbb2988ed54b,0,0,"Exact normalized hash match with verified core repository bank (OOP Concepts, subject: OOP Concepts)","What is a ""Virtual Method Table"" (vtable) and how does dynamic dispatch work in C++ / object-orien"
3eb83493-0d14-498f-a617-25ce130100e3,VERIFIED_CORE,true,published,00000000-0000-0000-0000-000000000001,super_admin,2026-10-04T09:18:30.929144+00:00,true,public,1f1db903494d3d5cdd1d927a270e1ad08c5e04e151594e4ff4988c0946bfb2d1,0,0,"Exact normalized hash match with verified core repository bank (OOP Concepts, subject: OOP Concepts)","Which Gang of Four (GoF) Design Pattern ensures that a class has only one instance and provides a gl"
f41de207-d0f4-4ba2-934c-c00d4093df41,VERIFIED_CORE,true,published,00000000-0000-0000-0000-000000000001,super_admin,2026-10-04T09:18:31.713081+00:00,true,public,7c89fb7195ba33eaaa62a231c230c48dd3784cdf826ba0026a9f8aa6f9f4f1a4,0,0,"Exact normalized hash match with verified core repository bank (OOP Concepts, subject: OOP Concepts)","How is thread-safe lazy initialization achieved in the Singleton Pattern in Java / C++ without exces"
98910486-5a46-4d71-b2a8-835fe7c9e912,VERIFIED_CORE,true,published,00000000-0000-0000-0000-000000000001,super_admin,2026-10-04T09:18:32.252528+00:00,true,public,e4bec703ba2141fd7824ce0773a78aa2a106515b1365bc147bad655722703174,0,0,"Exact normalized hash match with verified core repository bank (OOP Concepts, subject: OOP Concepts)","Which design pattern defines a one-to-many dependency between objects so that when one object change"
61af0dd4-b184-48d3-99ea-63c58d1ad040,INSTITUTIONAL,true,published,00000000-0000-0000-0000-000000000104,faculty,2026-07-20T16:26:33.021635+00:00,false,public,542628351ffec2f13b77eeb374062e1616c333fc00f76a510b5c6590812c8bfb,0,19,"Created by verified faculty member (Faculty Member 4 <faculty4@aset.com>, role: faculty). Originates from seed institutional mock assessment bank.","Mock Technical Question 18: What is the time complexity of QuickSort?"
3fe4ff5f-195f-4c97-8114-65318b51148d,VERIFIED_CORE,true,published,00000000-0000-0000-0000-000000000001,super_admin,2026-10-04T09:18:32.799158+00:00,true,public,7b4c52ed49e2cb92bbc73a7abcddb1785a16588a5209987cf2d2105c068d9007,0,0,"Exact normalized hash match with verified core repository bank (OOP Concepts, subject: OOP Concepts)","Which design pattern converts the interface of a class into another interface clients expect, enabli"
1f617f0b-98c0-40cc-8a95-17d36cea5f36,VERIFIED_CORE,true,published,00000000-0000-0000-0000-000000000001,super_admin,2026-10-04T09:18:33.349487+00:00,true,public,a150153dc73abcee25d9c57f485f619db317d7a29269df945d0ded84ea66683d,0,0,"Exact normalized hash match with verified core repository bank (OOP Concepts, subject: OOP Concepts)","What is the key difference between the Decorator Pattern and the Inheritance mechanism for extending"
a461a3b3-744a-4982-856a-4349a74589c1,VERIFIED_CORE,true,published,00000000-0000-0000-0000-000000000001,super_admin,2026-10-04T09:18:33.889014+00:00,true,public,327127d5aebd94779da732a039e7854430b7d1c453bffa5262710870657f539c,0,0,"Exact normalized hash match with verified core repository bank (OOP Concepts, subject: OOP Concepts)","Which design pattern provides a unified, simplified high-level interface to a complex subsystem of c"
6d9d74b4-d7c1-4672-a2b9-582a6ad5073f,VERIFIED_CORE,true,published,00000000-0000-0000-0000-000000000001,super_admin,2026-10-04T09:18:35.208753+00:00,true,public,11cc40c12863813323d2d2f2fd5651c30e35a8e4262fa81b102df13e23e46b39,0,0,"Exact normalized hash match with verified core repository bank (OOP Concepts, subject: OOP Concepts)","What is the Dependency Inversion Principle (DIP) in SOLID design?"
fbaf4604-94e0-484a-ab05-9cd71678f5dc,VERIFIED_CORE,true,published,00000000-0000-0000-0000-000000000001,super_admin,2026-10-04T09:18:35.846263+00:00,true,public,3ea4a7d2457244b7969fe834df3ab9ea4184877591fc7e0dc89e8ea01d28ee38,0,0,"Exact normalized hash match with verified core repository bank (OOP Concepts, subject: OOP Concepts)","What is the difference between Composition and Aggregation in UML object relationships?"
1242837f-afac-46ed-93b1-d8b28d98ac3e,VERIFIED_CORE,true,published,00000000-0000-0000-0000-000000000001,super_admin,2026-10-04T09:18:36.39917+00:00,true,public,c52726b404c0c0708d97a4e01720ba6425ec73209680247e410ee40425fb4951,0,0,"Exact normalized hash match with verified core repository bank (OOP Concepts, subject: OOP Concepts)","Why is ""Composition over Inheritance"" widely advocated in modern software engineering?"
e7f74cae-57a1-43b3-a110-05701be8e943,VERIFIED_CORE,true,published,00000000-0000-0000-0000-000000000001,super_admin,2026-10-04T09:18:36.93131+00:00,true,public,ac1e429a70209a0c1bce4df552f787cbb84d60520e4b490a9ac55a47e12cd448,0,0,"Exact normalized hash match with verified core repository bank (OOP Concepts, subject: OOP Concepts)","What is the Strategy Design Pattern?"
af3dfc03-1693-4574-a298-bc1b98c439ab,VERIFIED_CORE,true,published,00000000-0000-0000-0000-000000000001,super_admin,2026-10-04T09:18:37.766665+00:00,true,public,9e69c3a1f4ca0bdc8c9c49fb632ca3cc0497b38e5a8e86eb7d9735258904789d,0,0,"Exact normalized hash match with verified core repository bank (OOP Concepts, subject: OOP Concepts)","What is the Single Responsibility Principle (SRP) in SOLID design?"
946174c0-0312-4e1c-9e37-b65039c56f0a,VERIFIED_CORE,true,published,00000000-0000-0000-0000-000000000001,super_admin,2026-10-04T09:18:38.280157+00:00,true,public,eeb1529e6e93d0681ffe1e58982b45a6bd9f0682a1fe7068adf2c0148be3b7fd,0,0,"Exact normalized hash match with verified core repository bank (OOP Concepts, subject: OOP Concepts)","What is the Interface Segregation Principle (ISP) in SOLID design?"
a94b3561-4695-400b-a877-56f6ea716b4f,VERIFIED_CORE,true,published,00000000-0000-0000-0000-000000000001,super_admin,2026-10-04T09:18:38.840321+00:00,true,public,44cf85b5e70cdb8b5278a5b48238eaccb359bac55a12968daa058d817144f581,0,0,"Exact normalized hash match with verified core repository bank (OOP Concepts, subject: OOP Concepts)","What does High Cohesion and Loose Coupling mean in software architecture?"
902faefd-62f4-401d-a63a-c882ce036029,VERIFIED_CORE,true,published,00000000-0000-0000-0000-000000000001,super_admin,2026-10-04T09:18:39.400366+00:00,true,public,b60db6e465dd9c6f14b38406f7f0936787240b9eea00ec015e51a50858a1dae3,0,0,"Exact normalized hash match with verified core repository bank (OOP Concepts, subject: OOP Concepts)","What is a ""Shallow Copy"" versus a ""Deep Copy"" of an object?"
4e6a24b9-7ade-4cd9-8c74-01f54bc8fbc1,VERIFIED_CORE,true,published,00000000-0000-0000-0000-000000000001,super_admin,2026-10-04T09:18:39.945522+00:00,true,public,0f3c36d110c23affb67047f7dce6943ac86b1f897dca0b997cdefe8500ea070b,0,0,"Exact normalized hash match with verified core repository bank (OOP Concepts, subject: OOP Concepts)","What is the Factory Method Pattern and how does it decouple object creation?"
079c1421-8e17-4805-ba79-9184b33a6ac2,VERIFIED_CORE,true,published,00000000-0000-0000-0000-000000000001,super_admin,2026-10-04T09:18:40.662089+00:00,true,public,6f318ea31f072efecd6d0fea6392c0402883e63636a72c7735a23851a4a6d04c,0,0,"Exact normalized hash match with verified core repository bank (OOP Concepts, subject: OOP Concepts)","What is the Command Pattern in behavioral design patterns?"
8d0272e9-8fbf-4425-80cf-787977c841bc,VERIFIED_CORE,true,published,00000000-0000-0000-0000-000000000001,super_admin,2026-10-04T09:18:41.188301+00:00,true,public,26878622974bd36e4400fe5505de720d605c210ee067f35ff8f90eb7060b6638,0,0,"Exact normalized hash match with verified core repository bank (OOP Concepts, subject: OOP Concepts)","What is the difference between an Abstract Class and an Interface in modern object-oriented language"
12a1fa80-f76f-455a-bd08-ff246f56bd7e,VERIFIED_CORE,true,published,00000000-0000-0000-0000-000000000001,super_admin,2026-10-04T09:18:41.723013+00:00,true,public,33c361a83c499d813b7113df4ae7c43d270367fd8d981bf4642a2c56708e8f55,0,0,"Exact normalized hash match with verified core repository bank (OOP Concepts, subject: OOP Concepts)","In the Template Method Pattern, what is the role of ""Hooks""?"
000411c4-2130-4607-b303-7c61d4cf5774,VERIFIED_CORE,true,published,00000000-0000-0000-0000-000000000001,super_admin,2026-10-04T09:18:42.310223+00:00,true,public,9493871304b492562cf28a785120a5704a269e3a8e8f877a07092e286a8f5366,0,0,"Exact normalized hash match with verified core repository bank (OOP Concepts, subject: OOP Concepts)","What problem does the Builder Design Pattern solve?"
3e4230ab-fb44-4d4e-8735-5a786683fb18,VERIFIED_CORE,true,published,00000000-0000-0000-0000-000000000001,super_admin,2026-10-04T09:18:43.069142+00:00,true,public,caabc61018b8033b5a8f183d585cffc481dab0ada78ec35d33b65717c6e38b26,0,0,"Exact normalized hash match with verified core repository bank (OOP Concepts, subject: OOP Concepts)","What is the Proxy Design Pattern and what are its common applications?"
695c46da-585b-4713-ae4f-36441b2dc572,VERIFIED_CORE,true,published,00000000-0000-0000-0000-000000000001,super_admin,2026-10-04T09:18:43.599092+00:00,true,public,c305e8bbc14695972d18f1a2d35ffae8ab52140ac40e8ba01ec50e028f25bfb7,0,0,"Exact normalized hash match with verified core repository bank (OOP Concepts, subject: OOP Concepts)","What is the ""Law of Demeter"" (Principle of Least Knowledge) in object-oriented design?"
e92a9111-e4b7-4ad0-915d-fca1f1409139,VERIFIED_CORE,true,published,00000000-0000-0000-0000-000000000001,super_admin,2026-10-04T09:18:44.120333+00:00,true,public,e588956e5f79377c308fd123a17bf266db45bfb6d768d6ece46c9846fb9453fa,0,0,"Exact normalized hash match with verified core repository bank (OOP Concepts, subject: OOP Concepts)","What is the State Design Pattern?"
e269da8f-6fa1-45d7-9cec-7a4e54d3c375,VERIFIED_CORE,true,published,00000000-0000-0000-0000-000000000001,super_admin,2026-10-04T09:18:44.661693+00:00,true,public,ea77ba7a4b68f504c61d87ae87eb26e0eeca8d3e0c11d814d1814d52d046979a,0,0,"Exact normalized hash match with verified core repository bank (OOP Concepts, subject: OOP Concepts)","What is an ""Immutable Object"" and how is it constructed in OOP?"
98e9cc32-7811-464f-b7e9-84e7b2107265,VERIFIED_CORE,true,published,00000000-0000-0000-0000-000000000001,super_admin,2026-10-04T09:18:45.228911+00:00,true,public,6ad077a5ebdf64dd6b8f65d37c5cb3676b5f72e955cbc89e3a718455ff36209b,0,0,"Exact normalized hash match with verified core repository bank (OOP Concepts, subject: OOP Concepts)","What is the Composite Design Pattern used for?"
3bbb937d-b742-43e4-b433-c98a20e60f7a,VERIFIED_CORE,true,published,00000000-0000-0000-0000-000000000001,super_admin,2026-10-04T09:18:45.824472+00:00,true,public,ec97510fcd36842ad12e501f50eff58992d526e1fd52ff1e56dc2cc05d34589c,0,0,"Exact normalized hash match with verified core repository bank (OS & Computer Networks, subject: OS & Computer Networks)","What is the fundamental difference between a Process and a Thread in modern operating systems?"
cfc1d52e-c71c-4a6c-99da-755dc7e47630,VERIFIED_CORE,true,published,00000000-0000-0000-0000-000000000001,super_admin,2026-10-04T09:18:46.363942+00:00,true,public,271e00f118b9097554e21ca1aa3feb108dea31bca39a464473294e06bde075dc,0,0,"Exact normalized hash match with verified core repository bank (OS & Computer Networks, subject: OS & Computer Networks)","Which of the following conditions is NOT one of Coffman's four necessary conditions for Deadlock to "
cbb19816-cc79-480f-9b8f-436f736c1b43,VERIFIED_CORE,true,published,00000000-0000-0000-0000-000000000001,super_admin,2026-10-04T09:18:46.982494+00:00,true,public,0323440d7e12661e05759cd1ad9ac4d89cb2300115ad3872b82d95150b57bc8d,0,0,"Exact normalized hash match with verified core repository bank (OS & Computer Networks, subject: OS & Computer Networks)","What is ""Belady's Anomaly"" in operating systems virtual memory page replacement?"
5f3733af-d463-4c02-84c1-a066271dff0b,VERIFIED_CORE,true,published,00000000-0000-0000-0000-000000000001,super_admin,2026-10-04T09:18:47.520648+00:00,true,public,2d14af1059cc7b70dc8d3f0c6b02daeae75f90c55ce21351fafb7e87b00fbe13,0,0,"Exact normalized hash match with verified core repository bank (OS & Computer Networks, subject: OS & Computer Networks)","How does the Banker's Algorithm in operating systems ensure deadlock avoidance?"
840e07fc-30b0-4591-85a6-60c342615aa9,VERIFIED_CORE,true,published,00000000-0000-0000-0000-000000000001,super_admin,2026-10-04T09:18:48.089149+00:00,true,public,c877a0eadc86a0fe7a4c87d29665a11459ba8944dfde85d444f201584ed871eb,0,0,"Exact normalized hash match with verified core repository bank (OS & Computer Networks, subject: OS & Computer Networks)","What is the purpose of the Translation Lookaside Buffer (TLB) in paging memory management?"
bdb4ad5e-c0d1-40b6-8a1d-a40e3fe8f512,VERIFIED_CORE,true,published,00000000-0000-0000-0000-000000000001,super_admin,2026-10-04T09:18:48.832639+00:00,true,public,e362ae37b82735dc83e3056d985b55e48cca8efa65eb0988a55e78b0842b7c0c,0,0,"Exact normalized hash match with verified core repository bank (OS & Computer Networks, subject: OS & Computer Networks)","What is ""Thrashing"" in virtual memory systems and what causes it?"
595a1ed7-616d-4a3d-9a87-fee6ca25d892,VERIFIED_CORE,true,published,00000000-0000-0000-0000-000000000001,super_admin,2026-10-04T09:18:49.373003+00:00,true,public,a71c02d7532eb4c4d74a375e6fd5fe5efb8a87063530c3191d7a26eda0945d93,0,0,"Exact normalized hash match with verified core repository bank (OS & Computer Networks, subject: OS & Computer Networks)","Which CPU scheduling algorithm provides the theoretical minimum average waiting time for a given set"
a634e430-f6d8-4ce0-836a-afe9f9432e1d,VERIFIED_CORE,true,published,00000000-0000-0000-0000-000000000001,super_admin,2026-10-04T09:18:49.922803+00:00,true,public,5e0fd65cca6c9d869d5bb90011a8dc7d2e3e4134794d8e4b22e4933e7c6eda4c,0,0,"Exact normalized hash match with verified core repository bank (OS & Computer Networks, subject: OS & Computer Networks)","What is the ""Convoy Effect"" in CPU scheduling?"
2efe2df2-03b9-4db2-ad98-1bba311bb11b,VERIFIED_CORE,true,published,00000000-0000-0000-0000-000000000001,super_admin,2026-10-04T09:18:50.456629+00:00,true,public,67547e202aa1295267fdd6e4b5ee2c9e6ebfaafed1a64a7a07d096eb70629552,0,0,"Exact normalized hash match with verified core repository bank (OS & Computer Networks, subject: OS & Computer Networks)","What is the difference between a Binary Semaphore and a Mutex?"
cde79b9d-ff46-4729-980c-656886cbef37,VERIFIED_CORE,true,published,00000000-0000-0000-0000-000000000001,super_admin,2026-10-04T09:18:50.990795+00:00,true,public,8c444393cc42eb8374361062c4f72c9752a49d52f1f85f9ec40c8054a0fcc13d,0,0,"Exact normalized hash match with verified core repository bank (OS & Computer Networks, subject: OS & Computer Networks)","What is ""Priority Inversion"" and how is it resolved in real-time operating systems?"
e5479bdc-07b1-4da1-b8c4-dcdcf04e1b55,VERIFIED_CORE,true,published,00000000-0000-0000-0000-000000000001,super_admin,2026-10-04T09:18:51.560842+00:00,true,public,4b57936adf396e22712ec06fc9e618e4eff6a49066a85b8b26dedd4c11e1c285,0,0,"Exact normalized hash match with verified core repository bank (OS & Computer Networks, subject: OS & Computer Networks)","What is the difference between Internal and External Fragmentation in memory management?"
9ff3225f-345f-49d3-a7e2-2212247050a1,VERIFIED_CORE,true,published,00000000-0000-0000-0000-000000000001,super_admin,2026-10-04T09:18:52.087284+00:00,true,public,111960e6886ca12aeb2430a503909870898df1e260eae22beffea274f9355207,0,0,"Exact normalized hash match with verified core repository bank (OS & Computer Networks, subject: OS & Computer Networks)","What sequence of operations occurs during a Page Fault in an operating system?"
8afc0e5f-8032-4f11-a253-189a131d9f68,VERIFIED_CORE,true,published,00000000-0000-0000-0000-000000000001,super_admin,2026-10-04T09:18:52.629766+00:00,true,public,f78f1022d9803dd450cd762780e5e3394a02ac50b38f2199aaf2b133d5f90627,0,0,"Exact normalized hash match with verified core repository bank (OS & Computer Networks, subject: OS & Computer Networks)","In disk scheduling, how does the SCAN (Elevator) algorithm operate?"
d18b1214-7c1e-4c7d-94ee-c15717ad3422,VERIFIED_CORE,true,published,00000000-0000-0000-0000-000000000001,super_admin,2026-10-04T09:18:53.175457+00:00,true,public,d4c1afebaa936930f3d0c1cc0d30d91f0f66798a5142a3dacee6d45b2b1c75e4,0,0,"Exact normalized hash match with verified core repository bank (OS & Computer Networks, subject: OS & Computer Networks)","What is an ""Inode"" in Unix/Linux file systems?"
ff08f501-b1e7-4bf9-8b07-1c699ac725b0,VERIFIED_CORE,true,published,00000000-0000-0000-0000-000000000001,super_admin,2026-10-04T09:18:53.699041+00:00,true,public,ddfd98ad870cee410a69dfae8f017ae1c4f77cf966aab1cf4885258af97aecbc,0,0,"Exact normalized hash match with verified core repository bank (OS & Computer Networks, subject: OS & Computer Networks)","What is the role of the `fork()` system call in Unix-like operating systems?"
91474d1b-0d05-43b2-b64e-a0968bfdf89f,VERIFIED_CORE,true,published,00000000-0000-0000-0000-000000000001,super_admin,2026-10-04T09:18:54.240721+00:00,true,public,eb9b6d46cf5a7dd70e874910720786239ca4c3b0ffd0de6ae59ad35d8f23c471,0,0,"Exact normalized hash match with verified core repository bank (OS & Computer Networks, subject: OS & Computer Networks)","What is a ""Zombie Process"" in Unix/Linux operating systems?"
5033add9-2b35-4493-bc82-d8f7f14f8ecc,VERIFIED_CORE,true,published,00000000-0000-0000-0000-000000000001,super_admin,2026-10-04T09:18:54.789218+00:00,true,public,4d3ded9759beb5fcfc1b1cee511f56835ea0e6fac5878290dbedde5d4ebf66a8,0,0,"Exact normalized hash match with verified core repository bank (OS & Computer Networks, subject: OS & Computer Networks)","What is ""Copy-On-Write"" (COW) optimization during process creation?"
c86171ef-07c3-4580-8f8d-4a58555caffd,VERIFIED_CORE,true,published,00000000-0000-0000-0000-000000000001,super_admin,2026-10-04T09:18:55.330994+00:00,true,public,b2df18d913f7da685105c4ec5a16627350908808def92446f1ee4f3c302e22be,0,0,"Exact normalized hash match with verified core repository bank (OS & Computer Networks, subject: OS & Computer Networks)","What is Peterson's Algorithm in process synchronization?"
027d58d6-8d9e-4f87-8e5c-b2fe694a9574,VERIFIED_CORE,true,published,00000000-0000-0000-0000-000000000001,super_admin,2026-10-04T09:18:55.920714+00:00,true,public,eff6a764d6d4306b5f4fa709307d4591328a7b87d5a90ea0c9365d9daceeec13,0,0,"Exact normalized hash match with verified core repository bank (OS & Computer Networks, subject: OS & Computer Networks)","What is the role of the Memory Management Unit (MMU) in computer architecture?"
d9f579e1-8445-4653-b089-13260b9d7299,VERIFIED_CORE,true,published,00000000-0000-0000-0000-000000000001,super_admin,2026-10-04T09:18:56.555093+00:00,true,public,96f24c9021e21ca6c7c9c418871e9d115b1963d6efaefb353670b1227aad785d,0,0,"Exact normalized hash match with verified core repository bank (OS & Computer Networks, subject: OS & Computer Networks)","Which RAID configuration provides disk striping with distributed parity, allowing recovery from any "
8d5a53b0-47fc-4d81-9c8c-1701a6af3152,VERIFIED_CORE,true,published,00000000-0000-0000-0000-000000000001,super_admin,2026-10-04T09:18:57.102749+00:00,true,public,d4b9d13b799c510dd87bc3f3f3916a9cfc0832a1df693637287d60e9859296fd,0,0,"Exact normalized hash match with verified core repository bank (OS & Computer Networks, subject: OS & Computer Networks)","What is a ""Context Switch"" and what overhead does it impose on CPU utilization?"
7d71f415-f498-4c8b-9d5c-4a10d1042915,VERIFIED_CORE,true,published,00000000-0000-0000-0000-000000000001,super_admin,2026-10-04T09:18:57.694447+00:00,true,public,4a260b66a63d9467c76b37c70c46e88b3f572a06df550fcbf26091122795cd4f,0,0,"Exact normalized hash match with verified core repository bank (OS & Computer Networks, subject: OS & Computer Networks)","In the Readers-Writers synchronization problem, what does a ""Reader-Preference"" solution cause?"
e4900988-074d-498a-8d04-b7911bbaae12,VERIFIED_CORE,true,published,00000000-0000-0000-0000-000000000001,super_admin,2026-10-04T09:18:58.239551+00:00,true,public,a5e56127d1f082a4ef11d4c582c2710ac9d5af84f6ee5c012420ac497f9539a5,0,0,"Exact normalized hash match with verified core repository bank (OS & Computer Networks, subject: OS & Computer Networks)","What is the working principle of the ""Clock"" (Second-Chance) page replacement algorithm?"
e839231f-146c-4f22-800a-15f7a7e9fe73,VERIFIED_CORE,true,published,00000000-0000-0000-0000-000000000001,super_admin,2026-10-04T09:18:58.78111+00:00,true,public,f943fd59be468ef536dac3e1a84561a1bed4e72e8b5de0b500dc3defa421619a,0,0,"Exact normalized hash match with verified core repository bank (OS & Computer Networks, subject: OS & Computer Networks)","What is a ""Spinlock"" and when is it preferred over a sleeping mutex?"
46fe65ad-6035-44e1-b07b-9521f812de80,INSTITUTIONAL,true,published,00000000-0000-0000-0000-000000000105,faculty,2026-07-20T16:26:33.021635+00:00,false,public,eeeeb89535dd4ede28f4064591536f7bb638be51176104c9d48153327e405c6a,0,19,"Created by verified faculty member (Faculty Member 5 <faculty5@aset.com>, role: faculty). Originates from seed institutional mock assessment bank.","Mock Technical Question 19: What is the time complexity of QuickSort?"
6e5aaf46-7dc6-45b4-911f-cfb964ac4bba,VERIFIED_CORE,true,published,00000000-0000-0000-0000-000000000001,super_admin,2026-10-04T09:18:59.342731+00:00,true,public,69d91b06b33e7803d8411c71eea3dfc0dea753d269c792f23e1cf50bcbae52bd,0,0,"Exact normalized hash match with verified core repository bank (OS & Computer Networks, subject: OS & Computer Networks)","What is the role of the Swap Space on disk in operating systems?"
df74e054-d6b6-4b8b-bd10-1496cc632c10,VERIFIED_CORE,true,published,00000000-0000-0000-0000-000000000001,super_admin,2026-10-04T09:18:59.930081+00:00,true,public,a756f4aabc3c6ef26d707815075b3125bb37e0153c7e7801aecbeaa6f79bee68,0,0,"Exact normalized hash match with verified core repository bank (OS & Computer Networks, subject: OS & Computer Networks)","In multi-level paging on a 32-bit architecture with 4 KB page size, why is multi-level paging benefi"
32b6d3dc-3abc-4383-8a53-d708a4f07195,VERIFIED_CORE,true,published,00000000-0000-0000-0000-000000000001,super_admin,2026-10-04T09:19:00.472574+00:00,true,public,b466ec25b621b8d66b281e8de7c0b2553aed8cd6a7d9b375c4f75689ec902b73,0,0,"Exact normalized hash match with verified core repository bank (OS & Computer Networks, subject: OS & Computer Networks)","What is the ""Direct Memory Access"" (DMA) controller and how does it optimize I/O data transfer?"
ebf3c395-5e82-42c5-a20b-99ec9f10c55e,VERIFIED_CORE,true,published,00000000-0000-0000-0000-000000000001,super_admin,2026-10-04T09:19:01.006249+00:00,true,public,f294a96989a71b22043e984848658c35cdcd3bc990b373e8ddcb9829fdf5d0dd,0,0,"Exact normalized hash match with verified core repository bank (OS & Computer Networks, subject: OS & Computer Networks)","What is an ""Orphan Process"" in Unix/Linux and what happens to it?"
0ca8d1f1-a503-417b-9e70-4666d4da8db0,VERIFIED_CORE,true,published,00000000-0000-0000-0000-000000000001,super_admin,2026-10-04T09:19:01.532867+00:00,true,public,bc6bc59093fff7db77665192348497c843d8e1c6c2806bf8dbfce016e689c35f,0,0,"Exact normalized hash match with verified core repository bank (OS & Computer Networks, subject: OS & Computer Networks)","What is the difference between Preemptive and Non-Preemptive CPU scheduling?"
a8764593-5e71-43f5-9408-75c4ac713a80,VERIFIED_CORE,true,published,00000000-0000-0000-0000-000000000001,super_admin,2026-10-04T09:19:02.043201+00:00,true,public,83cc112ac3e5d33c92cdc3beba11b4c413185ce6b903314229b0e45ea95fcdd7,0,0,"Exact normalized hash match with verified core repository bank (OS & Computer Networks, subject: OS & Computer Networks)","What does a ""Pipe"" system call (`pipe()`) provide in Unix Inter-Process Communication (IPC)?"
25310dda-2cff-4b2f-99d1-dd21d57156bc,VERIFIED_CORE,true,published,00000000-0000-0000-0000-000000000001,super_admin,2026-10-04T09:19:02.600102+00:00,true,public,6c791cb58abb40ef7d9b2ca995d466648f39c2fa27897b743d569cf625bbad31,0,0,"Exact normalized hash match with verified core repository bank (OS & Computer Networks, subject: OS & Computer Networks)","Which layer of the OSI 7-layer model is responsible for End-to-End delivery, error recovery, flow co"
8a3b4e85-eeed-4bf4-882f-c9622f6f7055,VERIFIED_CORE,true,published,00000000-0000-0000-0000-000000000001,super_admin,2026-10-04T09:19:03.293882+00:00,true,public,2362021404add52f57e3df980ae82603f80ebec6c117d18b8ac64590d2082a59,0,0,"Exact normalized hash match with verified core repository bank (OS & Computer Networks, subject: OS & Computer Networks)","What packet sequence completes the standard TCP 3-Way Handshake connection establishment?"
a8ebaddf-6517-4620-98b9-f14fea68bc64,VERIFIED_CORE,true,published,00000000-0000-0000-0000-000000000001,super_admin,2026-10-04T09:19:03.8481+00:00,true,public,467176ec5b5bd1b1625bf68c7277c4762693abf9952c979f8f390e00304a9954,0,0,"Exact normalized hash match with verified core repository bank (OS & Computer Networks, subject: OS & Computer Networks)","Given the CIDR subnet `192.168.1.0/26`, how many usable host IP addresses are available?"
2e0176cc-072d-4326-90ce-ea1b306a332c,VERIFIED_CORE,true,published,00000000-0000-0000-0000-000000000001,super_admin,2026-10-04T09:19:04.38017+00:00,true,public,8ea211c519094c767f05ebf8b68c6148f50e8ed937c6cf2314e61cb7a1d4bd55,0,0,"Exact normalized hash match with verified core repository bank (OS & Computer Networks, subject: OS & Computer Networks)","What is the purpose of the Address Resolution Protocol (ARP) in computer networks?"
61a53277-8363-4bc7-946b-39add2cf6ee5,VERIFIED_CORE,true,published,00000000-0000-0000-0000-000000000001,super_admin,2026-10-04T09:19:04.916209+00:00,true,public,2ffd507c74c8ead9a3ca73d52e1a9a2c24af8a3067daa860757649c6971b408d,0,0,"Exact normalized hash match with verified core repository bank (OS & Computer Networks, subject: OS & Computer Networks)","What is the key difference between TCP (Transmission Control Protocol) and UDP (User Datagram Protoc"
3a0de3e4-2d64-42aa-b89e-213f4d86985f,VERIFIED_CORE,true,published,00000000-0000-0000-0000-000000000001,super_admin,2026-10-04T09:19:05.482759+00:00,true,public,bf48faf519d4f9581fae4103d974e5f5f27a419ead5037af826065a1a53397a8,0,0,"Exact normalized hash match with verified core repository bank (OS & Computer Networks, subject: OS & Computer Networks)","How does the TCP Congestion Control algorithm respond to packet loss signaled by 3 duplicate ACKs (F"
4895d2cb-ac7f-4e07-99a7-42d335cfc871,VERIFIED_CORE,true,published,00000000-0000-0000-0000-000000000001,super_admin,2026-10-04T09:19:06.025271+00:00,true,public,e3331e539b11a3b1389f88bb9d6d539423f36e2a9edbb242eb7aaaafae00d0e8,0,0,"Exact normalized hash match with verified core repository bank (OS & Computer Networks, subject: OS & Computer Networks)","What is the ""Count to Infinity"" problem in Distance Vector routing protocols (like RIP) and how is"
033deebf-b93b-476c-b775-4eee5aeb37fa,VERIFIED_CORE,true,published,00000000-0000-0000-0000-000000000001,super_admin,2026-10-04T09:19:06.765437+00:00,true,public,0c5d47097310d5c2e56643b1fe58461c68e9d69fad8d154b2225924e871629bb,0,0,"Exact normalized hash match with verified core repository bank (OS & Computer Networks, subject: OS & Computer Networks)","What is the difference between Recursive and Iterative DNS resolution?"
2799c47a-e74d-46cf-8195-1e90726c7a52,VERIFIED_CORE,true,published,00000000-0000-0000-0000-000000000001,super_admin,2026-10-04T09:19:07.301068+00:00,true,public,a806beb9f151385d8ffa6d30b432beaa7f03f5e4b83a4e588b89387cad44084d,0,0,"Exact normalized hash match with verified core repository bank (OS & Computer Networks, subject: OS & Computer Networks)","What is Network Address Translation (NAT) and why is it extensively used in IPv4 networks?"
cdc05e8b-e13e-4bb9-aad5-abe009a74b80,VERIFIED_CORE,true,published,00000000-0000-0000-0000-000000000001,super_admin,2026-10-04T09:19:07.840083+00:00,true,public,b4c71fae2ae4eb01a043737b750fb29d7d93556c07df5d5b88f6b80878a90253,0,0,"Exact normalized hash match with verified core repository bank (OS & Computer Networks, subject: OS & Computer Networks)","In the Data Link Layer, what error detection algorithm uses polynomial division with a generator pol"
ee917100-85d6-45e1-be66-26783ee462bc,VERIFIED_CORE,true,published,00000000-0000-0000-0000-000000000001,super_admin,2026-10-04T09:19:08.421786+00:00,true,public,a1d0690c35785a12fc043fd0bba71158cc5a20bd3cfbda00850de09937b0482c,0,0,"Exact normalized hash match with verified core repository bank (OS & Computer Networks, subject: OS & Computer Networks)","What is the primary architectural improvement of HTTP/2 over HTTP/1.1?"
89aea3f4-5ae7-43b3-9852-61345f04d7e0,VERIFIED_CORE,true,published,00000000-0000-0000-0000-000000000001,super_admin,2026-10-04T09:19:08.965932+00:00,true,public,0e671cc2e441b8a60d7424032bea21d5fe3c3320f23a5fa24776c3b05d1b199d,0,0,"Exact normalized hash match with verified core repository bank (OS & Computer Networks, subject: OS & Computer Networks)","What transport protocol does HTTP/3 utilize instead of standard TCP, and what problem does it elimin"
c9271423-3a0d-41f8-aa08-06e351912d8d,VERIFIED_CORE,true,published,00000000-0000-0000-0000-000000000001,super_admin,2026-10-04T09:19:09.814461+00:00,true,public,7860ac449da86a99a251aa2360cc990c24da65a9558333d0dcf9833b3ff70640,0,0,"Exact normalized hash match with verified core repository bank (OS & Computer Networks, subject: OS & Computer Networks)","What does the Time-To-Live (TTL) field in an IPv4 packet header accomplish?"
df84fb6e-09e8-450c-9116-a1c82d207cd3,VERIFIED_CORE,true,published,00000000-0000-0000-0000-000000000001,super_admin,2026-10-04T09:19:10.580576+00:00,true,public,ba729902764ea4a32d1b99a0cfcb8284402c0121173c73e44c19b4a02cb1ba56,0,0,"Exact normalized hash match with verified core repository bank (OS & Computer Networks, subject: OS & Computer Networks)","How does the `traceroute` utility identify every intermediate router between source and destination?"
8b03dbbe-ceed-4d4f-838f-411715499238,VERIFIED_CORE,true,published,00000000-0000-0000-0000-000000000001,super_admin,2026-10-04T09:19:11.122174+00:00,true,public,2aab9b3549a3c7bccb21590d0a96cebe8dbb42ce479443ce3987b90b513b346b,0,0,"Exact normalized hash match with verified core repository bank (OS & Computer Networks, subject: OS & Computer Networks)","What is the role of CSMA/CD (Carrier Sense Multiple Access with Collision Detection) in classic Ethe"
bb32aa5b-8b66-4234-9014-2a0f00aa5f4c,VERIFIED_CORE,true,published,00000000-0000-0000-0000-000000000001,super_admin,2026-10-04T09:19:11.648815+00:00,true,public,b20914cce23c21a876cc4d5a6b2b5701e3727b5fce273cfc70e13eddd3d577a7,0,0,"Exact normalized hash match with verified core repository bank (OS & Computer Networks, subject: OS & Computer Networks)","What is the purpose of the 4-way FIN teardown handshake in TCP connection termination?"
a01424f7-34b5-40aa-86e5-7a78be29d73a,VERIFIED_CORE,true,published,00000000-0000-0000-0000-000000000001,super_admin,2026-10-04T09:19:12.17769+00:00,true,public,341e1a6e754c46486e426dd2169fa169f46ba840ae191870716dbedfcec3a6b6,0,0,"Exact normalized hash match with verified core repository bank (OS & Computer Networks, subject: OS & Computer Networks)","Why does a TCP client enter the `TIME_WAIT` state for 2 * MSL (Maximum Segment Lifetime) after sendi"
62b8419d-bb81-4bbe-b07f-69f5639d8dfb,VERIFIED_CORE,true,published,00000000-0000-0000-0000-000000000001,super_admin,2026-10-04T09:19:12.892167+00:00,true,public,81eafca83d3b539cfcf00c1698b004a36853f911b0205c673cb220b77d0984b8,0,0,"Exact normalized hash match with verified core repository bank (OS & Computer Networks, subject: OS & Computer Networks)","In public key cryptography (asymmetric encryption), how is message confidentiality and digital signa"
ca234049-4b9f-4677-85ee-eb1d611a0beb,VERIFIED_CORE,true,published,00000000-0000-0000-0000-000000000001,super_admin,2026-10-04T09:19:13.468967+00:00,true,public,fd43d3c71c70204fb55108919ed52864060fc0429360b6203c71199caaf86b50,0,0,"Exact normalized hash match with verified core repository bank (OS & Computer Networks, subject: OS & Computer Networks)","What is the role of the Dynamic Host Configuration Protocol (DHCP) and what is its DORA process?"
6fbb021a-04d3-4d20-b4c7-ff00ee02e5c6,VERIFIED_CORE,true,published,00000000-0000-0000-0000-000000000001,super_admin,2026-10-04T09:19:14.003306+00:00,true,public,bf110ec5456f64bf62d62e0e196fbd1282f652ce2016beed5ad7096acd5214dc,0,0,"Exact normalized hash match with verified core repository bank (OS & Computer Networks, subject: OS & Computer Networks)","What is the difference between Link-State Routing (OSPF) and Distance-Vector Routing (RIP)?"
7c40bdb4-460a-41f6-8edd-509fe8dc8182,VERIFIED_CORE,true,published,00000000-0000-0000-0000-000000000001,super_admin,2026-10-04T09:19:14.572391+00:00,true,public,c8f3315f57bd47a871862cf3a0577954f8bda2f93f4b8d89ca3252fb7c44b9c3,0,0,"Exact normalized hash match with verified core repository bank (OS & Computer Networks, subject: OS & Computer Networks)","What is the size of an IPv4 address versus an IPv6 address in bits?"
d9e30d5e-65a3-4bf9-9807-b74d38f0b1bf,VERIFIED_CORE,true,published,00000000-0000-0000-0000-000000000001,super_admin,2026-10-04T09:19:15.141426+00:00,true,public,485529cf7a973b36b121d128cc1dc22cc1b80985fade28a9a5f02c7c9b80c383,0,0,"Exact normalized hash match with verified core repository bank (OS & Computer Networks, subject: OS & Computer Networks)","What is a ""SYN Flood"" attack and how does ""SYN Cookies"" mitigate it?"
c0575042-73d9-4ca1-a1b9-ba6990808e78,VERIFIED_CORE,true,published,00000000-0000-0000-0000-000000000001,super_admin,2026-10-04T09:19:15.693951+00:00,true,public,6af74784a54010978ebd7563348be82c1665e7b4341fcb6a783286f12dc62958,0,0,"Exact normalized hash match with verified core repository bank (OS & Computer Networks, subject: OS & Computer Networks)","What is the function of the ""Border Gateway Protocol"" (BGP) in the global Internet?"
5a9045da-e321-47e6-a4fc-7f9ab809d95a,INSTITUTIONAL,true,published,00000000-0000-0000-0000-000000000101,faculty,2026-07-20T16:26:33.021635+00:00,false,public,51bc9d1eb53a03b289ed76ced6e3778fd25286820ca88592f32b6840400bfb70,0,19,"Created by verified faculty member (Faculty Member 1 <faculty1@aset.com>, role: faculty). Originates from seed institutional mock assessment bank.","Mock Technical Question 20: What is the time complexity of QuickSort?"
d6923d89-cfbe-4054-85a9-b4f793006011,VERIFIED_CORE,true,published,00000000-0000-0000-0000-000000000001,super_admin,2026-10-04T09:19:16.236724+00:00,true,public,e47f9e077c3df1f7f18eba95444a321511b550a22fe506a255314ae1c6cfc442,0,0,"Exact normalized hash match with verified core repository bank (OS & Computer Networks, subject: OS & Computer Networks)","In sliding window protocols, what is the difference between Go-Back-N and Selective Repeat?"
196858f3-153e-45a4-8a18-95dff7a5d36b,VERIFIED_CORE,true,published,00000000-0000-0000-0000-000000000001,super_admin,2026-10-04T09:19:16.772307+00:00,true,public,b4ddcebbfa61a7b28ea5dc1f38ab4377bb605090c55aa60f458b1d92414e3ec4,0,0,"Exact normalized hash match with verified core repository bank (OS & Computer Networks, subject: OS & Computer Networks)","What is the standard port number for DNS queries over UDP/TCP?"
2a2628fd-fa1d-44f4-afd4-7ea458c804e9,VERIFIED_CORE,true,published,00000000-0000-0000-0000-000000000001,super_admin,2026-10-04T09:19:17.297842+00:00,true,public,da6597dae70a6e6391edf50db97d9404a5935065f302d1cd2ff4fc95305477c4,0,0,"Exact normalized hash match with verified core repository bank (OS & Computer Networks, subject: OS & Computer Networks)","What is the function of the ""Nagle's Algorithm"" in TCP sockets?"
7feec55d-ade1-4461-ab6c-07cb17ddab15,VERIFIED_CORE,true,published,00000000-0000-0000-0000-000000000001,super_admin,2026-10-04T09:19:17.902381+00:00,true,public,a5cf3f3f5a8b4656c010deba048fff3e45304ffedcdba90e4424ea04db96ba14,0,0,"Exact normalized hash match with verified core repository bank (OS & Computer Networks, subject: OS & Computer Networks)","What is a ""VLAN"" (Virtual Local Area Network) and how does it isolate traffic on an Ethernet switc"
ea9a202d-b42b-45c4-a06e-25662958847d,VERIFIED_CORE,true,published,00000000-0000-0000-0000-000000000001,super_admin,2026-10-04T09:19:18.437273+00:00,true,public,b329e9b764d0fe9c3559e7b3acc1d17f742dddd67e9111643212dc051eb562f2,0,0,"Exact normalized hash match with verified core repository bank (OS & Computer Networks, subject: OS & Computer Networks)","What is ""Silly Window Syndrome"" in TCP and how is it resolved?"
d4b0b972-d13b-40a6-ab81-a8b2e342bc71,VERIFIED_CORE,true,published,00000000-0000-0000-0000-000000000001,super_admin,2026-10-04T09:19:18.965823+00:00,true,public,b336a88964f83517d8b9e5dd0963986a6b43e1f878156f41e49bb70fa242c040,0,0,"Exact normalized hash match with verified core repository bank (OS & Computer Networks, subject: OS & Computer Networks)","What does the ""Maximum Transmission Unit"" (MTU) represent in computer networking?"
760d4aca-6e66-4c0d-a903-0d616ba01e6f,VERIFIED_CORE,true,published,00000000-0000-0000-0000-000000000001,super_admin,2026-10-04T09:19:19.501091+00:00,true,public,32116fc6f62ee3557e1b66c77f460d87134c3ae7c4788f61a39e6959325f1ac3,0,0,"Exact normalized hash match with verified core repository bank (OS & Computer Networks, subject: OS & Computer Networks)","What does the ""HTTPS"" protocol add on top of standard HTTP?"
d159c5de-55b1-4ca2-be10-a07c0147070c,VERIFIED_CORE,true,published,00000000-0000-0000-0000-000000000001,super_admin,2026-10-04T09:19:20.056628+00:00,true,public,d77a16dfbe5cebe8a3ad675e6e2b45240d2dfa68ee60156e51f0f565a2017cc8,0,0,"Exact normalized hash match with verified core repository bank (Technical Interview, subject: Technical Interview)","What does the CAP Theorem state regarding distributed data systems?"
0e67e838-3628-469c-b420-2d28650988f3,VERIFIED_CORE,true,published,00000000-0000-0000-0000-000000000001,super_admin,2026-10-04T09:19:20.841633+00:00,true,public,bb1fcec71638521173741293094a983868b9969e8a063f98d6117db3573c8de1,0,0,"Exact normalized hash match with verified core repository bank (Technical Interview, subject: Technical Interview)","What is the primary difference between Horizontal Scaling (Scaling Out) and Vertical Scaling (Scalin"
621200ad-f729-43a3-a56f-bb56e9b06878,VERIFIED_CORE,true,published,00000000-0000-0000-0000-000000000001,super_admin,2026-10-04T09:19:21.410998+00:00,true,public,76f3e8a71507e65e5a6d39f0cb78feb12fb57dfe91840c7647f88d715ac9ef68,0,0,"Exact normalized hash match with verified core repository bank (Technical Interview, subject: Technical Interview)","In distributed caching, what is the difference between Cache-Aside (Lazy Loading) and Write-Through "
a713972b-29db-4ba2-b6d6-1db30ae384a3,VERIFIED_CORE,true,published,00000000-0000-0000-0000-000000000001,super_admin,2026-10-04T09:19:21.928003+00:00,true,public,b2576c9262222e4c516f9b0effe2c34e5f69e2254b76ac74098caba292cae3fc,0,0,"Exact normalized hash match with verified core repository bank (Technical Interview, subject: Technical Interview)","What is ""Consistent Hashing"" and why is it preferred over simple modulo hashing (`hash(key) % N`) "
65b42d34-e781-4878-ab55-e1a2696757ee,VERIFIED_CORE,true,published,00000000-0000-0000-0000-000000000001,super_admin,2026-10-04T09:19:22.453274+00:00,true,public,dce3df8b0137e0aea82c11b132c97ffdb982953a46dc4296f6b31156cdbfefa2,0,0,"Exact normalized hash match with verified core repository bank (Technical Interview, subject: Technical Interview)","How does a Content Delivery Network (CDN) accelerate content delivery to global users?"
8ec84543-67ef-468d-a320-3a69f11adc6e,VERIFIED_CORE,true,published,00000000-0000-0000-0000-000000000001,super_admin,2026-10-04T09:19:22.989445+00:00,true,public,621e8334fbf75cd2bfa73010fc94d29b5c25aeeec648b23c30792d000f43d4e6,0,0,"Exact normalized hash match with verified core repository bank (Technical Interview, subject: Technical Interview)","What is the role of an Asynchronous Message Queue (like RabbitMQ, Apache Kafka) in modern software a"
11b52843-8914-452d-8eec-84065a33cb30,VERIFIED_CORE,true,published,00000000-0000-0000-0000-000000000001,super_admin,2026-10-04T09:19:23.517648+00:00,true,public,89c3014d1c1e0dee82d78956799b1a8051bee4e6135aec1f88a2ef3861b85463,0,0,"Exact normalized hash match with verified core repository bank (Technical Interview, subject: Technical Interview)","What is Database Sharding (Horizontal Partitioning) and what challenge does it introduce?"
3b64dc93-99be-4c73-8b57-bb7bfe5fe8c5,VERIFIED_CORE,true,published,00000000-0000-0000-0000-000000000001,super_admin,2026-10-04T09:19:24.046643+00:00,true,public,75954b4d35023671c1a8b4cd0369144a5390375306ae01e3a46a224aef461565,0,0,"Exact normalized hash match with verified core repository bank (Technical Interview, subject: Technical Interview)","What is a ""Rate Limiter"" and how does the Token Bucket algorithm work?"
887e2cec-c002-47cf-81c4-8fc0dd4f1de7,VERIFIED_CORE,true,published,00000000-0000-0000-0000-000000000001,super_admin,2026-10-04T09:19:24.60043+00:00,true,public,7dd9a0ecfa15d7c7e579aeea93ba58571e9f33b0742e731d6cc704318da83f9c,0,0,"Exact normalized hash match with verified core repository bank (Technical Interview, subject: Technical Interview)","What is the difference between SQL (Relational) and NoSQL (Document / Key-Value) databases, and when"
61f9e22f-27b8-4aff-9462-5ded3d193dcb,VERIFIED_CORE,true,published,00000000-0000-0000-0000-000000000001,super_admin,2026-10-04T09:19:25.147062+00:00,true,public,8267d157e1008a2bc3c01eb0ad581f13a6d23b561b9a8939653ab537c23d9a3f,0,0,"Exact normalized hash match with verified core repository bank (Technical Interview, subject: Technical Interview)","What is the ""Circuit Breaker"" pattern in distributed microservices?"
75fadfe5-845b-48c1-bbae-87d303687663,VERIFIED_CORE,true,published,00000000-0000-0000-0000-000000000001,super_admin,2026-10-04T09:19:25.659678+00:00,true,public,c037e9c0287a33ef35449819921d5831e88a10b557c664f88fa343fd7a63cd7f,0,0,"Exact normalized hash match with verified core repository bank (Technical Interview, subject: Technical Interview)","What is the difference between Layer 4 and Layer 7 Load Balancing?"
7fc43844-cdd4-4a1e-bd76-da8d173fc78f,VERIFIED_CORE,true,published,00000000-0000-0000-0000-000000000001,super_admin,2026-10-04T09:19:26.196573+00:00,true,public,fcebe07d99abc7db9044b8535876c33a53fd016711d5e2104a15e84bf1639e25,0,0,"Exact normalized hash match with verified core repository bank (Technical Interview, subject: Technical Interview)","What is ""Database Replication"" and what is the difference between Synchronous and Asynchronous rep"
71d8fd05-61c4-4df8-bc53-e3f7f9610f42,VERIFIED_CORE,true,published,00000000-0000-0000-0000-000000000001,super_admin,2026-10-04T09:19:26.756745+00:00,true,public,e52adf6b4a434222ed78c6f6ad382415138c3d5d6608481afddf6fbde8447d03,0,0,"Exact normalized hash match with verified core repository bank (Technical Interview, subject: Technical Interview)","In URL Shortener design (like bit.ly), which encoding scheme is standard to encode a 64-bit integer "
e2ec44fe-0548-4b55-9385-e17c285cef48,VERIFIED_CORE,true,published,00000000-0000-0000-0000-000000000001,super_admin,2026-10-04T09:19:27.337733+00:00,true,public,2a2a3cb0a46b18e119f615598122ca03a7606bd033bf4bd8c36c31f0c6a08215,0,0,"Exact normalized hash match with verified core repository bank (Technical Interview, subject: Technical Interview)","What is a ""WebSocket"" connection and how does it differ from traditional HTTP polling?"
95e15508-d50b-4524-b578-2db69cfe67da,VERIFIED_CORE,true,published,00000000-0000-0000-0000-000000000001,super_admin,2026-10-04T09:19:27.900699+00:00,true,public,3887985ea1c365195e57ac63c35654b82ed25e857287d908a557975ae8e457be,0,0,"Exact normalized hash match with verified core repository bank (Technical Interview, subject: Technical Interview)","What is the ""Split-Brain"" problem in distributed consensus clusters?"
748d1ecd-9740-4ee8-bdd3-4fcd03021e39,VERIFIED_CORE,true,published,00000000-0000-0000-0000-000000000001,super_admin,2026-10-04T09:19:28.443792+00:00,true,public,6b41794fd7d93b5b78cf7c2b77a6ec216b5c6f3202ccf570bee83e47d598e5a3,0,0,"Exact normalized hash match with verified core repository bank (Technical Interview, subject: Technical Interview)","What is an ""API Gateway"" in a microservices architecture?"
4a457006-f202-436a-8546-e479aff001cd,VERIFIED_CORE,true,published,00000000-0000-0000-0000-000000000001,super_admin,2026-10-04T09:19:29.26748+00:00,true,public,b50bc9818aaebc930bc889cfa8182a8a7081053485a2fb02d3ea6706b86192e8,0,0,"Exact normalized hash match with verified core repository bank (Technical Interview, subject: Technical Interview)","What is ""Eventual Consistency"" in distributed databases?"
305cdcc9-f718-49bc-a362-f86c85aeff6e,VERIFIED_CORE,true,published,00000000-0000-0000-0000-000000000001,super_admin,2026-10-04T09:19:29.875106+00:00,true,public,35d8967ee2123979deec611fdaddb35f382f55995a8f25d62b110b28cd16ec89,0,0,"Exact normalized hash match with verified core repository bank (Technical Interview, subject: Technical Interview)","What is a ""Bloom Filter"" and what is its trade-off in distributed systems?"
18ca68af-0bc2-40f0-97bc-cf8176686d5a,VERIFIED_CORE,true,published,00000000-0000-0000-0000-000000000001,super_admin,2026-10-04T09:19:30.460347+00:00,true,public,53dc4437447ce244347443ef8a9be092e59154d017c49c562b550f294ecc5903,0,0,"Exact normalized hash match with verified core repository bank (Technical Interview, subject: Technical Interview)","What does ""Idempotency"" mean in RESTful API design?"
e92b0d48-ef4e-4eb3-acb0-486f5dae2f66,VERIFIED_CORE,true,published,00000000-0000-0000-0000-000000000001,super_admin,2026-10-04T09:19:31.037871+00:00,true,public,858d99c5dce8058bde644ac740136943b13ac8eca5019b2355bdd22120936f8f,0,0,"Exact normalized hash match with verified core repository bank (Technical Interview, subject: Technical Interview)","What is ""Write-Behind"" (Write-Back) caching and what is its main drawback?"
f7ae31cc-bc9d-4c5d-a2a2-78389de659c9,VERIFIED_CORE,true,published,00000000-0000-0000-0000-000000000001,super_admin,2026-10-04T09:19:46.563352+00:00,true,public,9cae7a73f2c322aeb30f22eb0a1d2c71a7b58e5bf134f9c12833494c34a379e3,0,0,"Exact normalized hash match with verified core repository bank (Technical Interview, subject: Technical Interview)","What is the role of Unit Testing and what is the difference between a Unit Test and an Integration T"
b3f0f02b-705f-40e7-9df7-4b1052d2e2b7,VERIFIED_CORE,true,published,00000000-0000-0000-0000-000000000001,super_admin,2026-10-04T09:19:31.783705+00:00,true,public,a92326a79a0e35e5b043c9fd570065cb5305ef75aaa86c1107b13db1087eb52e,0,0,"Exact normalized hash match with verified core repository bank (Technical Interview, subject: Technical Interview)","What is the output of the following JavaScript code snippet? ```javascript console.log(1 + ""2"" + ""
773d2b9d-1ee6-4bad-90b4-e53a9821a726,VERIFIED_CORE,true,published,00000000-0000-0000-0000-000000000001,super_admin,2026-10-04T09:19:32.327489+00:00,true,public,99e10c63206409355320f3b1499de0e6e624258d6d19a22c9ca0d7d7108ed9f0,0,1,"Exact normalized hash match with verified core repository bank (Technical Interview, subject: Technical Interview)","What is the output of the following C code snippet? ```c #include <stdio.h> int main() {     int x ="
2ce444f8-1940-40d4-a3e7-5b5d959c8ab3,VERIFIED_CORE,true,published,00000000-0000-0000-0000-000000000001,super_admin,2026-10-04T09:19:32.860112+00:00,true,public,6e5f78b96984ed9b5178eba2725742c69b5e90c084fd8e817be94a88912978a5,0,0,"Exact normalized hash match with verified core repository bank (Technical Interview, subject: Technical Interview)","What is the output of the following Java snippet? ```java Integer a = 127; Integer b = 127; System.o"
360f19cc-8cda-464a-81ce-9800bc6dcee0,VERIFIED_CORE,true,published,00000000-0000-0000-0000-000000000001,super_admin,2026-10-04T09:19:33.417658+00:00,true,public,7bc67c02a4f8c571e8ac6cb53a96bc0398ba752dc5d3dcd57a5ed74ffa88c755,0,0,"Exact normalized hash match with verified core repository bank (Technical Interview, subject: Technical Interview)","What is the output of the following Python snippet? ```python funcs = [lambda: i for i in range(4)] "
b328f00c-3220-4022-93bf-556ca7c6b3b5,VERIFIED_CORE,true,published,00000000-0000-0000-0000-000000000001,super_admin,2026-10-04T09:19:33.941902+00:00,true,public,d71fa0527209bc18ccd8d654bb69be5eccfdc13cdb22f83f96b0daed76c77757,0,0,"Exact normalized hash match with verified core repository bank (Technical Interview, subject: Technical Interview)","What is the output of the following JavaScript event loop snippet? ```javascript console.log(1); set"
86b0b38c-f1e3-4c36-b46e-b4a9b7c37b96,VERIFIED_CORE,true,published,00000000-0000-0000-0000-000000000001,super_admin,2026-10-04T09:19:34.482004+00:00,true,public,eff8292f36f92ad1829e19439069cee5bb0a48fcc2e88a650dc1c4dca9217879,0,1,"Exact normalized hash match with verified core repository bank (Technical Interview, subject: Technical Interview)","What is the output of the following C code snippet? ```c #include <stdio.h> int main() {     int a ="
232e0b42-a4aa-4937-a017-1dc493dc1511,VERIFIED_CORE,true,published,00000000-0000-0000-0000-000000000001,super_admin,2026-10-04T09:19:35.033292+00:00,true,public,a97347e5644602dd4140c9bf2983ec775eefbfece94cb2f8dd2121d42160f8da,0,0,"Exact normalized hash match with verified core repository bank (Technical Interview, subject: Technical Interview)","What is the output of the following Java snippet? ```java String s1 = ""Placement""; String s2 = new"
7965710e-0eb7-4017-9a90-9e41002a920b,VERIFIED_CORE,true,published,00000000-0000-0000-0000-000000000001,super_admin,2026-10-04T09:19:35.570971+00:00,true,public,752ac47cc4a0f947715e37750fae475eb7b3ea52fa564d7c97aace127cb7a8b0,0,0,"Exact normalized hash match with verified core repository bank (Technical Interview, subject: Technical Interview)","What is the output of the following C++ code snippet? ```cpp #include <iostream> struct Base {     v"
38168bb7-f302-4171-9de6-d3fb4dd3dd49,VERIFIED_CORE,true,published,00000000-0000-0000-0000-000000000001,super_admin,2026-10-04T09:19:36.121643+00:00,true,public,149217aa7a1a6a44af512fbca597c8311da99d8f12004a20c780d3ddd0685244,0,0,"Exact normalized hash match with verified core repository bank (Technical Interview, subject: Technical Interview)","What is the output of the following Python snippet? ```python x = (1) y = (1,) print(type(x), type(y"
24c6fdf4-9094-4d42-9f7e-2eda69e90426,VERIFIED_CORE,true,published,00000000-0000-0000-0000-000000000001,super_admin,2026-10-04T09:19:36.683815+00:00,true,public,c6f8b8664f44424fd0a62bc7188afbe6f4aa52ef0af003da48cd5ee542ba9e19,0,0,"Exact normalized hash match with verified core repository bank (Technical Interview, subject: Technical Interview)","What is the output of the following SQL query when table `T` has 3 rows where column `A` values are "
7e4ed6dc-d621-4424-862c-4a0f1a896562,VERIFIED_CORE,true,published,00000000-0000-0000-0000-000000000001,super_admin,2026-10-04T09:19:37.219712+00:00,true,public,998412dbd96b6c29ac9304803a3a601a7857c99e0b4fa5702ccbbe670c877604,0,0,"Exact normalized hash match with verified core repository bank (Technical Interview, subject: Technical Interview)","What is the output of the following C code snippet? ```c #include <stdio.h> int main() {     printf("
ba90a451-6449-478b-919c-be63b3873dbf,VERIFIED_CORE,true,published,00000000-0000-0000-0000-000000000001,super_admin,2026-10-04T09:19:37.763552+00:00,true,public,5e5e576f681e635ed7a8540bb750054129afd7392ba9558e75af28b63d285af9,0,0,"Exact normalized hash match with verified core repository bank (Technical Interview, subject: Technical Interview)","What is the output of the following Java snippet? ```java try {     System.out.print(""A "");     th"
9e2c697a-29e8-4c0e-8430-6b87df849d35,VERIFIED_CORE,true,published,00000000-0000-0000-0000-000000000001,super_admin,2026-10-04T09:19:38.28409+00:00,true,public,c553ce13e1f0055dda53fc2ec1bedd2096142c34eec8899b559f20c622e080fe,0,0,"Exact normalized hash match with verified core repository bank (Technical Interview, subject: Technical Interview)","What is the output of the following JavaScript closure loop? ```javascript for (var i = 0; i < 3; i+"
ff05495d-3640-40f2-9ec1-4b6334ed1961,VERIFIED_CORE,true,published,00000000-0000-0000-0000-000000000001,super_admin,2026-10-04T09:19:38.820094+00:00,true,public,35122b2ba72e7c8b6140882b10854bbef6bf2d18e6ab287a38bbcb98615538b7,0,0,"Exact normalized hash match with verified core repository bank (Technical Interview, subject: Technical Interview)","What is the output of the following C++ code snippet? ```cpp #include <iostream> int main() {     in"
2a95cd2a-9a30-4679-a16a-4b86d9b0306c,VERIFIED_CORE,true,published,00000000-0000-0000-0000-000000000001,super_admin,2026-10-04T09:19:39.408955+00:00,true,public,35b7d71e8ed5b2e31df50d4d669d03a4b45a728e916908b32212b5dd58181d4a,0,0,"Exact normalized hash match with verified core repository bank (Technical Interview, subject: Technical Interview)","What is the output of the following Python dictionary key equality test? ```python d = {} d[1] = ""i"
4bc2f0e8-0a86-4b38-b4fc-56b4710de212,VERIFIED_CORE,true,published,00000000-0000-0000-0000-000000000001,super_admin,2026-10-04T09:19:39.974533+00:00,true,public,6d7570e5f285e171ac43495bbfed15297baed87970242d0675677ee7ec9f683f,0,0,"Exact normalized hash match with verified core repository bank (Technical Interview, subject: Technical Interview)","In the STAR interview methodology used by top tier tech companies (Amazon, Microsoft, Google), what "
0f68ee47-5149-46d1-a5b1-f750d561d9db,VERIFIED_CORE,true,published,00000000-0000-0000-0000-000000000001,super_admin,2026-10-04T09:19:40.531368+00:00,true,public,e72796b5f342be3ee7fe434a5ab0eb65879576406412ec2411882d24957cf2bb,0,0,"Exact normalized hash match with verified core repository bank (Technical Interview, subject: Technical Interview)","When an interviewer asks: ""Tell me about a time you had a technical disagreement with a team member"
85a0c14f-879b-4ed8-b824-97f637af0925,VERIFIED_CORE,true,published,00000000-0000-0000-0000-000000000001,super_admin,2026-10-04T09:19:41.069658+00:00,true,public,2a78be07072fe20ad52e930bfc001f6ffecab8c44f3ca5dd0737f03d9ff85819,0,0,"Exact normalized hash match with verified core repository bank (Technical Interview, subject: Technical Interview)","When asked: ""Why are you interested in joining our company?"", which response structure creates the"
dc3c5ca6-ad11-4e3b-aed3-235cc72782ef,VERIFIED_CORE,true,published,00000000-0000-0000-0000-000000000001,super_admin,2026-10-04T09:19:41.999441+00:00,true,public,8df0774cbc8f957e3db2ae24ae6f6326fcf27408be0a965c09c9c4a9c22caa1c,0,0,"Exact normalized hash match with verified core repository bank (Technical Interview, subject: Technical Interview)","How should a candidate answer: ""What is your greatest weakness?"" in an HR placement round?"
a116b0fd-9eda-411e-8ba5-1fa31a7515dd,VERIFIED_CORE,true,published,00000000-0000-0000-0000-000000000001,super_admin,2026-10-04T09:19:42.632461+00:00,true,public,1130e352d28d5a424e6de1208efdc488b2373cf532427fcc0f68d96c0037e29e,0,0,"Exact normalized hash match with verified core repository bank (Technical Interview, subject: Technical Interview)","During a live coding assessment, what is the most important etiquette when you encounter an unfamili"
a5a18b5f-7be5-4a9f-a972-25e4ef3eb20f,VERIFIED_CORE,true,published,00000000-0000-0000-0000-000000000001,super_admin,2026-10-04T09:19:43.174461+00:00,true,public,93a3c8c40b4f974d9ac1e3a8698022cb064cafa64ed064ff150294fbc5cbd805,0,0,"Exact normalized hash match with verified core repository bank (Technical Interview, subject: Technical Interview)","When an interviewer asks: ""Do you have any questions for me?"" at the end of an interview, what is "
ff804707-be02-453f-ab16-1584724b9189,VERIFIED_CORE,true,published,00000000-0000-0000-0000-000000000001,super_admin,2026-10-04T09:19:43.741933+00:00,true,public,686f1399ba95ce500b85f915f446d68fc7353efad68508b24394c206565a9f0f,0,0,"Exact normalized hash match with verified core repository bank (Technical Interview, subject: Technical Interview)","How should you answer when asked about a past project failure or mistake?"
677d2228-88a9-4fb8-98f5-bead159b9cad,VERIFIED_CORE,true,published,00000000-0000-0000-0000-000000000001,super_admin,2026-10-04T09:19:44.28484+00:00,true,public,2617a30455b35ae7a9c9a8d4470eba6ddd9b61bc239d92e3f1566cdca96876cd,0,0,"Exact normalized hash match with verified core repository bank (Technical Interview, subject: Technical Interview)","When asked: ""How do you handle working under tight deadlines with shifting project requirements?"","
29ce250a-baa8-46b8-a389-0a8c10fc9407,VERIFIED_CORE,true,published,00000000-0000-0000-0000-000000000001,super_admin,2026-10-04T09:19:44.813158+00:00,true,public,22eac4d3808c0103389aac38686b5d103c0b234080316d78176e0abb61c3ecfe,0,0,"Exact normalized hash match with verified core repository bank (Technical Interview, subject: Technical Interview)","In an interview explanation of your capstone project, which structure conveys technical depth best?"
76118d6a-b926-485b-9a47-218618c060c6,VERIFIED_CORE,true,published,00000000-0000-0000-0000-000000000001,super_admin,2026-10-04T09:19:45.409293+00:00,true,public,f99f892fee9b056ad3834ab41b971cd34f063553ee90231678ae73cba0b88df5,0,0,"Exact normalized hash match with verified core repository bank (Technical Interview, subject: Technical Interview)","When an interviewer points out a bug or edge-case in your code during an interview, what is the best"
a001c35e-e9d2-4844-944a-a053af6fd010,VERIFIED_CORE,true,published,00000000-0000-0000-0000-000000000001,super_admin,2026-10-04T09:19:46.021254+00:00,true,public,393b38ab01c6c70a5fde7de3ccb3d50be3e2358230cc86d8b9eb9daf4f72bdbd,0,0,"Exact normalized hash match with verified core repository bank (Technical Interview, subject: Technical Interview)","What does ""DRY"" and ""KISS"" stand for in software engineering best practices?"
5f7a3438-f151-4c82-954f-be74fdcde332,PERSONAL,false,published,eab0da38-e4dd-4f5d-a446-642db88315f3,student,2026-10-04T16:09:12.816577+00:00,false,private,2b2bb3c73d332f5017c083e7a2136da71aa1200fb65c1952e09b9bbd779d79db,3,0,"Created by student (Test Student Flow <test_student_flow@aset.ac.in>, role: student) with private visibility; text matches user extracted personal document.","What is the HCF of 36 and 48?"
ba902f60-3bca-4355-95ba-b4719bd5effb,VERIFIED_CORE,true,published,00000000-0000-0000-0000-000000000001,super_admin,2026-10-04T09:19:47.087558+00:00,true,public,abb663c4da8b4ec10fe7aa9f019d958c825f80d2e4ef04a8649c20c52b26cca9,0,0,"Exact normalized hash match with verified core repository bank (Technical Interview, subject: Technical Interview)","In Git version control, what is the difference between `git merge` and `git rebase`?"
5cebccfe-39ca-4e61-80ef-3a250af350bb,VERIFIED_CORE,true,published,00000000-0000-0000-0000-000000000001,super_admin,2026-10-04T09:19:47.62791+00:00,true,public,02b916251ab73dc9c340c533d609d6cb6e52e5ddc66c002ed7714f5c83178cd6,0,0,"Exact normalized hash match with verified core repository bank (Technical Interview, subject: Technical Interview)","What is a ""Memory Leak"" and how does it affect long-running production server applications?"
59f09bed-784f-4bc8-ae0c-e94202663866,VERIFIED_CORE,true,published,00000000-0000-0000-0000-000000000001,super_admin,2026-10-04T09:19:48.181213+00:00,true,public,225376bb14c11b6dc420d92b14b1e6facbec4effa49fa2674319e42a1c7e2b2d,0,0,"Exact normalized hash match with verified core repository bank (Technical Interview, subject: Technical Interview)","What is Continuous Integration and Continuous Deployment (CI/CD)?"
14906de5-3265-4ae6-ae13-e6b71ad44df0,VERIFIED_CORE,true,published,00000000-0000-0000-0000-000000000001,super_admin,2026-10-04T09:19:48.73398+00:00,true,public,dc1fb7cb71664556b5cc1577a5a0eaefe3e8e5eb8270051d2f4de0c3229b6b69,0,0,"Exact normalized hash match with verified core repository bank (Technical Interview, subject: Technical Interview)","When explaining an algorithm during an interview, what is the best way to analyze Space Complexity?"
099974d7-acff-48a5-b4a0-90d2b74da686,VERIFIED_CORE,true,published,00000000-0000-0000-0000-000000000001,super_admin,2026-10-04T09:19:49.264013+00:00,true,public,c2de1ceee56b173a6dd83d2afa7f9437d7b279d3d40c6dec902ef9a817931ff3,0,0,"Exact normalized hash match with verified core repository bank (Technical Interview, subject: Technical Interview)","What does the term ""Technical Debt"" signify in engineering teams?"
e4e90a54-cd9a-4292-a89f-ddc4db5c2ac8,VERIFIED_CORE,true,published,00000000-0000-0000-0000-000000000001,super_admin,2026-10-04T09:19:49.789467+00:00,true,public,ec3f827d6b9854ed3f256eff89ea71224f94b17853128c6d37bf2f654d07be6c,0,0,"Exact normalized hash match with verified core repository bank (Technical Interview, subject: Technical Interview)","Why should a candidate avoid memorizing code solutions and instead focus on problem-solving patterns"
8c640232-622c-4d67-a147-1b2dbabda876,VERIFIED_CORE,true,published,00000000-0000-0000-0000-000000000001,super_admin,2026-10-04T09:19:50.314122+00:00,true,public,5f95c85b6a2675dd666ce927d062cc06658852b46d2e4fa44116c2511d761d27,0,0,"Exact normalized hash match with verified core repository bank (Technical Interview, subject: Technical Interview)","In an HR interview, what is the best way to handle salary expectation questions for a campus fresher"
8e51408f-eae3-4d75-953b-4e160861f192,VERIFIED_CORE,true,published,00000000-0000-0000-0000-000000000001,super_admin,2026-10-04T09:19:50.832154+00:00,true,public,9965b0671e4f7780f386718d8e17012c66794b8a7bab1d74c46185645f90720f,0,0,"Exact normalized hash match with verified core repository bank (Technical Interview, subject: Technical Interview)","What is the most constructive response when an interviewer asks about a gap in your resume or a seme"
0942bfc2-bcf8-4143-bccb-f7f32b876b87,INSTITUTIONAL,true,published,00000000-0000-0000-0000-000000000102,faculty,2026-07-20T16:26:33.021635+00:00,false,public,bdb3143894b746ed69b617e62fd89d657de33c26546d81f25f0f56300a1d0b02,0,19,"Created by verified faculty member (Faculty Member 2 <faculty2@aset.com>, role: faculty). Originates from seed institutional mock assessment bank.","Mock Technical Question 1: What is the time complexity of QuickSort?"
16536db3-905f-490c-b9b1-b0dcd6404db8,INSTITUTIONAL,true,published,00000000-0000-0000-0000-000000000103,faculty,2026-07-20T16:26:33.021635+00:00,false,public,30438634cda410362cd26187089f64b758f0e1fa37dc627afa16a67f746e6da1,0,19,"Created by verified faculty member (Faculty Member 3 <faculty3@aset.com>, role: faculty). Originates from seed institutional mock assessment bank.","Mock Technical Question 2: What is the time complexity of QuickSort?"
9ee02bfe-6114-47c0-9cf7-8b42222f95b6,INSTITUTIONAL,true,published,00000000-0000-0000-0000-000000000104,faculty,2026-07-20T16:26:33.021635+00:00,false,public,8315167fb20c45d6f5365d2fdd92669876baf14c879afd4e6638e1fd99931d22,0,19,"Created by verified faculty member (Faculty Member 4 <faculty4@aset.com>, role: faculty). Originates from seed institutional mock assessment bank.","Mock Technical Question 3: What is the time complexity of QuickSort?"
058a606d-f3cf-41e7-9256-9dd582b1809e,INSTITUTIONAL,true,published,00000000-0000-0000-0000-000000000105,faculty,2026-07-20T16:26:33.021635+00:00,false,public,f6ae75b878ca073fcc900ec343644a5a27560f3c3987a74e71b72906ddb1e491,0,19,"Created by verified faculty member (Faculty Member 5 <faculty5@aset.com>, role: faculty). Originates from seed institutional mock assessment bank.","Mock Technical Question 4: What is the time complexity of QuickSort?"
d4bca16e-702b-48fa-9243-da77626cf493,INSTITUTIONAL,true,published,00000000-0000-0000-0000-000000000101,faculty,2026-07-20T16:26:33.021635+00:00,false,public,b613f850db5ca5c618daed810ffdbdc20d01b6c8ada13930d141f81d492915f6,0,19,"Created by verified faculty member (Faculty Member 1 <faculty1@aset.com>, role: faculty). Originates from seed institutional mock assessment bank.","Mock Technical Question 5: What is the time complexity of QuickSort?"
2e56e805-6e98-4d22-b8f9-b1f2b3758fe2,INSTITUTIONAL,true,published,00000000-0000-0000-0000-000000000102,faculty,2026-07-20T16:26:33.021635+00:00,false,public,4ac8b4ae07ea0f1781ed5ae2ba1f6f4da3899147d2e9f3f89950516edefd295f,0,19,"Created by verified faculty member (Faculty Member 2 <faculty2@aset.com>, role: faculty). Originates from seed institutional mock assessment bank.","Mock Technical Question 6: What is the time complexity of QuickSort?"
f7521d36-5c57-43f8-9cdd-24db10a70d33,INSTITUTIONAL,true,published,00000000-0000-0000-0000-000000000103,faculty,2026-07-20T16:26:33.021635+00:00,false,public,6f06e3ec55ccb5f1facf4bdf672e6aee4143b9c08763fbdccfb1df64e2daca8f,0,19,"Created by verified faculty member (Faculty Member 3 <faculty3@aset.com>, role: faculty). Originates from seed institutional mock assessment bank.","Mock Technical Question 7: What is the time complexity of QuickSort?"
4f6fc533-dd4e-4990-98e0-ae3170d3fc66,INSTITUTIONAL,true,published,00000000-0000-0000-0000-000000000104,faculty,2026-07-20T16:26:33.021635+00:00,false,public,25078cd6600daa799435189264e99853d9c4c913a218cfbaa10559a5bb034870,0,19,"Created by verified faculty member (Faculty Member 4 <faculty4@aset.com>, role: faculty). Originates from seed institutional mock assessment bank.","Mock Technical Question 8: What is the time complexity of QuickSort?"
9b72891e-0247-4133-9fd8-44e9c0a2b5c3,INSTITUTIONAL,true,published,00000000-0000-0000-0000-000000000105,faculty,2026-07-20T16:26:33.021635+00:00,false,public,79c20a4871557e5a0b222830253881714f686ebe84f59e25fa1f6852bbb709a2,0,19,"Created by verified faculty member (Faculty Member 5 <faculty5@aset.com>, role: faculty). Originates from seed institutional mock assessment bank.","Mock Technical Question 9: What is the time complexity of QuickSort?"
e35d60d0-9941-4a21-807f-1349a4954cdb,INSTITUTIONAL,true,published,00000000-0000-0000-0000-000000000101,faculty,2026-07-20T16:26:33.021635+00:00,false,public,85a9c46408a531fbcf64bd59f7fb655d5df444de3a7281ed6cd406acbce4ea7c,0,19,"Created by verified faculty member (Faculty Member 1 <faculty1@aset.com>, role: faculty). Originates from seed institutional mock assessment bank.","Mock Technical Question 10: What is the time complexity of QuickSort?"
afa5751f-d7ca-403c-a3a6-ff6ed81a2796,INSTITUTIONAL,true,published,00000000-0000-0000-0000-000000000102,faculty,2026-07-20T16:26:33.021635+00:00,false,public,1296fbce28a4a6b4b324be839869d401ccc5f18fabb7c93beee442582178cecf,0,19,"Created by verified faculty member (Faculty Member 2 <faculty2@aset.com>, role: faculty). Originates from seed institutional mock assessment bank.","Mock Technical Question 11: What is the time complexity of QuickSort?"
9775c16e-1c67-431c-8e1f-1b022d14b4f4,INSTITUTIONAL,true,published,00000000-0000-0000-0000-000000000103,faculty,2026-07-20T16:26:33.021635+00:00,false,public,ef334e92d5bea353d0cb6e8f6cc13a36265a900e4e4fcff35685b108469d2f2f,0,19,"Created by verified faculty member (Faculty Member 3 <faculty3@aset.com>, role: faculty). Originates from seed institutional mock assessment bank.","Mock Technical Question 12: What is the time complexity of QuickSort?"
93cae677-0d00-4437-8508-a26621879147,INSTITUTIONAL,true,published,00000000-0000-0000-0000-000000000104,faculty,2026-07-20T16:26:33.021635+00:00,false,public,3aa35b876f0944d0ce460f16acd5cf7140dc428786344b0c5b7547bf56113b13,0,19,"Created by verified faculty member (Faculty Member 4 <faculty4@aset.com>, role: faculty). Originates from seed institutional mock assessment bank.","Mock Technical Question 13: What is the time complexity of QuickSort?"
ddee408a-fe2f-4ba9-aa81-4f083e77ea22,INSTITUTIONAL,true,published,00000000-0000-0000-0000-000000000105,faculty,2026-07-20T16:26:33.021635+00:00,false,public,952ec634b184775a42c73450a37669d023adf90f98a4fb972de40d3befe8f001,0,19,"Created by verified faculty member (Faculty Member 5 <faculty5@aset.com>, role: faculty). Originates from seed institutional mock assessment bank.","Mock Technical Question 14: What is the time complexity of QuickSort?"
5c6f27a8-4a2b-41fa-9b21-1659701998ae,INSTITUTIONAL,true,published,00000000-0000-0000-0000-000000000103,faculty,2026-07-20T16:26:33.021635+00:00,true,public,68f0ef574a4c4555c5a431fbc48882975e8322736150d88373bebce63b24ea6b,0,14,"Created by verified faculty member (Faculty Member 3 <faculty3@aset.com>, role: faculty). Originates from seed institutional mock assessment bank.","Mock Logical Question 12: Find the missing number in the series 2, 4, 8, 16..."
21f876e4-0b6c-40c4-8e95-3f8aad6f612c,INSTITUTIONAL,true,published,00000000-0000-0000-0000-000000000104,faculty,2026-07-20T16:26:33.021635+00:00,true,public,6818244f9c07407c4e6628baaa4fb035d60a16af1b5302885315fabe32e8e113,0,14,"Created by verified faculty member (Faculty Member 4 <faculty4@aset.com>, role: faculty). Originates from seed institutional mock assessment bank.","Mock Logical Question 13: Find the missing number in the series 2, 4, 8, 16..."
a56299ec-8876-4bd7-b47a-f15b3a04b273,INSTITUTIONAL,true,published,00000000-0000-0000-0000-000000000105,faculty,2026-07-20T16:26:33.021635+00:00,true,public,09632f82d94a3102e6f89400693657928fdc2f19c5e0a560b85dc162b676d4a5,0,14,"Created by verified faculty member (Faculty Member 5 <faculty5@aset.com>, role: faculty). Originates from seed institutional mock assessment bank.","Mock Logical Question 14: Find the missing number in the series 2, 4, 8, 16..."
d2365ccf-40f0-4d13-9a80-73c21c7a5326,INSTITUTIONAL,true,published,00000000-0000-0000-0000-000000000101,faculty,2026-07-20T16:26:33.021635+00:00,true,public,105f76dc51e38b8b8d27d520ef12b3cde2f16146378fb1f9f1cb10895c434649,0,14,"Created by verified faculty member (Faculty Member 1 <faculty1@aset.com>, role: faculty). Originates from seed institutional mock assessment bank.","Mock Logical Question 15: Find the missing number in the series 2, 4, 8, 16..."
265dcd12-2103-45d2-a6d5-19e8ab8c1bea,INSTITUTIONAL,true,published,00000000-0000-0000-0000-000000000101,faculty,2026-07-20T16:26:33.021635+00:00,true,public,cdd4d3cdf6b0a6ec6ac86dcaa28a923ee7c0802b0af4ee2e5ee1abedb76023a2,0,14,"Created by verified faculty member (Faculty Member 1 <faculty1@aset.com>, role: faculty). Originates from seed institutional mock assessment bank.","Mock Aptitude Question 5: A train travels 60km/h. How long to travel 120km?"
431658f8-f1d1-44c8-b49e-77458f7d6b75,INSTITUTIONAL,true,published,00000000-0000-0000-0000-000000000102,faculty,2026-07-20T16:26:33.021635+00:00,true,public,59aa48050a9b6203dff760dc8e9c0e2da28c4a92decb8b2f10bf994a695220ec,0,14,"Created by verified faculty member (Faculty Member 2 <faculty2@aset.com>, role: faculty). Originates from seed institutional mock assessment bank.","Mock Aptitude Question 6: A train travels 60km/h. How long to travel 120km?"
06a699ab-81c3-4e87-8894-8495a0a6ac7b,INSTITUTIONAL,true,published,00000000-0000-0000-0000-000000000103,faculty,2026-07-20T16:26:33.021635+00:00,true,public,c682df1547f8d189c68d7218e428fb3f2bd4f413331a561bd92392bdaf3b23ca,0,14,"Created by verified faculty member (Faculty Member 3 <faculty3@aset.com>, role: faculty). Originates from seed institutional mock assessment bank.","Mock Aptitude Question 7: A train travels 60km/h. How long to travel 120km?"
86492326-ea5f-4820-990c-923025b4b609,INSTITUTIONAL,true,published,00000000-0000-0000-0000-000000000104,faculty,2026-07-20T16:26:33.021635+00:00,true,public,222f07007046f3cdce65573681a0b1a30b90c11063c4a07ba3c0a4a233e8b314,0,14,"Created by verified faculty member (Faculty Member 4 <faculty4@aset.com>, role: faculty). Originates from seed institutional mock assessment bank.","Mock Aptitude Question 8: A train travels 60km/h. How long to travel 120km?"
a9d4ace1-5f35-4406-a1d3-d1e9e9433417,INSTITUTIONAL,true,published,00000000-0000-0000-0000-000000000105,faculty,2026-07-20T16:26:33.021635+00:00,true,public,bb0e52144d673639b622bc582544edea75069a33f58e5188958f6476f812c136,0,14,"Created by verified faculty member (Faculty Member 5 <faculty5@aset.com>, role: faculty). Originates from seed institutional mock assessment bank.","Mock Aptitude Question 9: A train travels 60km/h. How long to travel 120km?"
7fea4997-bdbf-4a71-abba-88062c65eaff,INSTITUTIONAL,true,published,00000000-0000-0000-0000-000000000101,faculty,2026-07-20T16:26:33.021635+00:00,true,public,f99f5567ab5cc30de513818ef2cfb02c573580cda0e208e9eb47a7d9e69607c3,0,14,"Created by verified faculty member (Faculty Member 1 <faculty1@aset.com>, role: faculty). Originates from seed institutional mock assessment bank.","Mock Aptitude Question 10: A train travels 60km/h. How long to travel 120km?"
b4ee9236-c1fa-4321-921e-d64571e57f31,INSTITUTIONAL,true,published,00000000-0000-0000-0000-000000000102,faculty,2026-07-20T16:26:33.021635+00:00,true,public,b8db34172f62695b554036ae3199649e7d8dc73d75da848ca3a29ccbd741b8e3,0,14,"Created by verified faculty member (Faculty Member 2 <faculty2@aset.com>, role: faculty). Originates from seed institutional mock assessment bank.","Mock Aptitude Question 11: A train travels 60km/h. How long to travel 120km?"
2a953971-5932-4aca-b78d-8dd000d773d4,INSTITUTIONAL,true,published,00000000-0000-0000-0000-000000000103,faculty,2026-07-20T16:26:33.021635+00:00,true,public,99c4d7ec1dc4d2996ffa855550fc79495e3fe3ae5486815f9878a904e6116301,0,14,"Created by verified faculty member (Faculty Member 3 <faculty3@aset.com>, role: faculty). Originates from seed institutional mock assessment bank.","Mock Aptitude Question 12: A train travels 60km/h. How long to travel 120km?"
790e7788-84cb-4107-b068-8237d243217a,INSTITUTIONAL,true,published,00000000-0000-0000-0000-000000000104,faculty,2026-07-20T16:26:33.021635+00:00,true,public,2c256179c9c1b84198cc64484605a1fb29895c642b1bd48c423cb3e1dc01f1e4,0,14,"Created by verified faculty member (Faculty Member 4 <faculty4@aset.com>, role: faculty). Originates from seed institutional mock assessment bank.","Mock Aptitude Question 13: A train travels 60km/h. How long to travel 120km?"
ce99258a-d802-490b-b9e7-5f5df02acfa4,INSTITUTIONAL,true,published,00000000-0000-0000-0000-000000000105,faculty,2026-07-20T16:26:33.021635+00:00,true,public,c2f333a5c9102e0ffb05443a7c76eafc4716d62669e82717bb0197805e363492,0,14,"Created by verified faculty member (Faculty Member 5 <faculty5@aset.com>, role: faculty). Originates from seed institutional mock assessment bank.","Mock Aptitude Question 14: A train travels 60km/h. How long to travel 120km?"
603b2ac0-ed31-41ac-a92e-afdf6fb1bfff,INSTITUTIONAL,true,published,00000000-0000-0000-0000-000000000101,faculty,2026-07-20T16:26:33.021635+00:00,true,public,f897a1de6e09f3e8a2b1a4a28d081fcf15f46ce1762b916888b7271923bcb08c,0,14,"Created by verified faculty member (Faculty Member 1 <faculty1@aset.com>, role: faculty). Originates from seed institutional mock assessment bank.","Mock Aptitude Question 15: A train travels 60km/h. How long to travel 120km?"
bcf39d15-7362-4025-bc0f-9003ba767fdc,PERSONAL,false,published,eab0da38-e4dd-4f5d-a446-642db88315f3,student,2026-10-04T16:09:04.606681+00:00,false,private,33bc9a6163d4f95cf11ab1d7190417a33f30649c9cb0824778e7f8a08c962964,3,0,"Created by student (Test Student Flow <test_student_flow@aset.ac.in>, role: student) with private visibility; text matches user extracted personal document.","A student's marks increase from 60 to 75. What is the percentage increase?"
4e781712-9079-4530-b764-391950876f9b,PERSONAL,false,published,eab0da38-e4dd-4f5d-a446-642db88315f3,student,2026-10-04T16:09:05.679085+00:00,false,private,b3a5cf72448c61865965a9f002945ef526b0f5e89330719fe9c2d408b2a25661,3,0,"Created by student (Test Student Flow <test_student_flow@aset.ac.in>, role: student) with private visibility; text matches user extracted personal document.","A number is increased by 20% and then decreased by 20%. What is the net percentage change?"
06f4ed6b-237c-4e6f-81c7-bbd7db4929f7,PERSONAL,false,published,eab0da38-e4dd-4f5d-a446-642db88315f3,student,2026-10-04T16:09:06.239554+00:00,false,private,70feea27ae8893345d96f0bccd2d1249d79f9f810f3719dfd859e17efea67ce4,3,0,"Created by student (Test Student Flow <test_student_flow@aset.ac.in>, role: student) with private visibility; text matches user extracted personal document.","An article costs n800 and is sold for n920. What is the profit percentage?"
273ce702-0570-4507-beb4-56f9fac96a92,PERSONAL,false,published,eab0da38-e4dd-4f5d-a446-642db88315f3,student,2026-10-04T16:09:06.780013+00:00,false,private,1b792198b0876a02ff266233e7583ef189938886acfb02f0c01c505c2a0a2566,3,0,"Created by student (Test Student Flow <test_student_flow@aset.ac.in>, role: student) with private visibility; text matches user extracted personal document.","A shopkeeper gives a 10% discount on an item marked n1,500. What is the selling price?"
66f7b224-1035-4eb3-ab87-544fc3f34099,PERSONAL,false,published,eab0da38-e4dd-4f5d-a446-642db88315f3,student,2026-10-04T16:09:07.467773+00:00,false,private,23f4e6c2972df8188f8960dde850ac4b3bdf19656930124f2e39647d40ec9a11,3,0,"Created by student (Test Student Flow <test_student_flow@aset.ac.in>, role: student) with private visibility; text matches user extracted personal document.","The ratio of boys to girls is 3:2. If there are 30 boys, how many girls are there?"
708cc35b-3a9e-4200-92d0-493a54208fc8,PERSONAL,false,published,eab0da38-e4dd-4f5d-a446-642db88315f3,student,2026-10-04T16:09:08.037858+00:00,false,private,65d770d557cff8c0770ce39c09fc5a2392330bddcdf68854be88b7d53cce4b11,3,0,"Created by student (Test Student Flow <test_student_flow@aset.ac.in>, role: student) with private visibility; text matches user extracted personal document.","The average of 5 numbers is 24. What is their total?"
7fc76b27-2d9b-463a-8752-65967ebd63ca,PERSONAL,false,published,eab0da38-e4dd-4f5d-a446-642db88315f3,student,2026-10-04T16:09:08.619684+00:00,false,private,6298a699f9cd7dd573546d4885621905adccc08370010babd26764c9138cf8fb,3,0,"Created by student (Test Student Flow <test_student_flow@aset.ac.in>, role: student) with private visibility; text matches user extracted personal document.","The average age of 4 students is 18. With a fifth student, the average becomes 19. What is the fifth"
640ecf0f-b3d9-4600-9cb7-54ef74ebbebf,PERSONAL,false,published,eab0da38-e4dd-4f5d-a446-642db88315f3,student,2026-10-04T16:09:09.266912+00:00,false,private,fa4c0d274e20e230784905ae487811bbf1c5ebc99261aadd38dd11356d9aaffd,3,0,"Created by student (Test Student Flow <test_student_flow@aset.ac.in>, role: student) with private visibility; text matches user extracted personal document.","A can complete a job in 10 days and B in 15 days. How many days together?"
2265ef6f-f578-4f87-99dc-11170a7a07c7,PERSONAL,false,published,eab0da38-e4dd-4f5d-a446-642db88315f3,student,2026-10-04T16:09:09.826298+00:00,false,private,9d9ceb9771baf896612274dcbca1aaed8cc612890c05de8f55e87838263b042b,3,0,"Created by student (Test Student Flow <test_student_flow@aset.ac.in>, role: student) with private visibility; text matches user extracted personal document.","A worker completes 1/4 of a job in 3 days. How many days for the full job?"
05b19521-8c75-40b9-8cde-24fe4786d625,PERSONAL,false,published,eab0da38-e4dd-4f5d-a446-642db88315f3,student,2026-10-04T16:09:10.422288+00:00,false,private,b8684e2426733be99bcb839d07b2d5d704852ec9dfe60e1beeca3592eec3c6eb,3,0,"Created by student (Test Student Flow <test_student_flow@aset.ac.in>, role: student) with private visibility; text matches user extracted personal document.","A car travels 180 km in 3 hours. What is its average speed?"
882b2378-8adb-4920-9604-fcea09a58b46,PERSONAL,false,published,eab0da38-e4dd-4f5d-a446-642db88315f3,student,2026-10-04T16:09:11.010409+00:00,false,private,e233af04fe8208a60b25a49e645652aa4e5be8afb607f51bb8f1a842e0380f30,3,0,"Created by student (Test Student Flow <test_student_flow@aset.ac.in>, role: student) with private visibility; text matches user extracted personal document.","A train travels at 72 km/h. How far in 25 minutes?"
d27c8bb4-ee57-46e2-bc91-9b53850ee669,PERSONAL,false,published,eab0da38-e4dd-4f5d-a446-642db88315f3,student,2026-10-04T16:09:11.594054+00:00,false,private,7d3d13d409657d79cddd5d8c954c45dbd06612dea2baaeca9f7cbfdd54423777,3,0,"Created by student (Test Student Flow <test_student_flow@aset.ac.in>, role: student) with private visibility; text matches user extracted personal document.","Find SI on n5,000 at 8% per annum for 2 years."
744d1ec0-15a0-4fdd-8eb1-652f3109939e,PERSONAL,false,published,eab0da38-e4dd-4f5d-a446-642db88315f3,student,2026-10-04T16:09:12.259336+00:00,false,private,b874b80f7bc2d1ca2446f34b664ffc6ba71ee7efcbbf90209523ab315061bb72,3,0,"Created by student (Test Student Flow <test_student_flow@aset.ac.in>, role: student) with private visibility; text matches user extracted personal document.","What is the amount on n10,000 at 10% compound interest for 2 years?"
41a0f7e6-3801-43a3-bf50-e784c6cc7ea7,UNKNOWN,false,review,00000000-0000-0000-0000-000000000001,super_admin,2026-10-06T17:05:45.650868+00:00,false,private,33bc9a6163d4f95cf11ab1d7190417a33f30649c9cb0824778e7f8a08c962964,3,0,"Duplicate statement of personal document test question, but created by user 00000000-0000-0000-0000-000000000001 (super_admin) rather than student owner. Lacks direct personal document foreign key.","A student's marks increase from 60 to 75. What is the percentage increase?"
c7e74f0b-b256-419a-94f3-e4da2c45e870,UNKNOWN,false,review,00000000-0000-0000-0000-000000000001,super_admin,2026-10-06T17:05:46.643923+00:00,false,private,b3a5cf72448c61865965a9f002945ef526b0f5e89330719fe9c2d408b2a25661,3,0,"Duplicate statement of personal document test question, but created by user 00000000-0000-0000-0000-000000000001 (super_admin) rather than student owner. Lacks direct personal document foreign key.","A number is increased by 20% and then decreased by 20%. What is the net percentage change?"
bd8fd791-6832-4d96-83e3-653674834776,UNKNOWN,false,review,00000000-0000-0000-0000-000000000001,super_admin,2026-10-06T17:05:47.888661+00:00,false,private,70feea27ae8893345d96f0bccd2d1249d79f9f810f3719dfd859e17efea67ce4,3,0,"Duplicate statement of personal document test question, but created by user 00000000-0000-0000-0000-000000000001 (super_admin) rather than student owner. Lacks direct personal document foreign key.","An article costs n800 and is sold for n920. What is the profit percentage?"
5610abfb-08f7-4a4d-8f5d-772e909605a4,UNKNOWN,false,review,00000000-0000-0000-0000-000000000001,super_admin,2026-10-06T17:05:49.035736+00:00,false,private,1b792198b0876a02ff266233e7583ef189938886acfb02f0c01c505c2a0a2566,3,0,"Duplicate statement of personal document test question, but created by user 00000000-0000-0000-0000-000000000001 (super_admin) rather than student owner. Lacks direct personal document foreign key.","A shopkeeper gives a 10% discount on an item marked n1,500. What is the selling price?"
64c95739-b176-4dcb-8210-753328658dc7,UNKNOWN,false,review,00000000-0000-0000-0000-000000000001,super_admin,2026-10-06T17:05:49.971795+00:00,false,private,23f4e6c2972df8188f8960dde850ac4b3bdf19656930124f2e39647d40ec9a11,3,0,"Duplicate statement of personal document test question, but created by user 00000000-0000-0000-0000-000000000001 (super_admin) rather than student owner. Lacks direct personal document foreign key.","The ratio of boys to girls is 3:2. If there are 30 boys, how many girls are there?"
5e5e1265-ce8c-4b0d-9ed9-af315bcc95d4,UNKNOWN,false,review,00000000-0000-0000-0000-000000000001,super_admin,2026-10-06T17:05:50.611979+00:00,false,private,65d770d557cff8c0770ce39c09fc5a2392330bddcdf68854be88b7d53cce4b11,3,0,"Duplicate statement of personal document test question, but created by user 00000000-0000-0000-0000-000000000001 (super_admin) rather than student owner. Lacks direct personal document foreign key.","The average of 5 numbers is 24. What is their total?"
67266079-8743-4135-ac30-3acf98d2ab88,UNKNOWN,false,review,00000000-0000-0000-0000-000000000001,super_admin,2026-10-06T17:05:51.226713+00:00,false,private,6298a699f9cd7dd573546d4885621905adccc08370010babd26764c9138cf8fb,3,0,"Duplicate statement of personal document test question, but created by user 00000000-0000-0000-0000-000000000001 (super_admin) rather than student owner. Lacks direct personal document foreign key.","The average age of 4 students is 18. With a fifth student, the average becomes 19. What is the fifth"
4c48e814-39c6-4387-bdd7-4be7b0099f36,UNKNOWN,false,review,00000000-0000-0000-0000-000000000001,super_admin,2026-10-06T17:05:52.080805+00:00,false,private,fa4c0d274e20e230784905ae487811bbf1c5ebc99261aadd38dd11356d9aaffd,3,0,"Duplicate statement of personal document test question, but created by user 00000000-0000-0000-0000-000000000001 (super_admin) rather than student owner. Lacks direct personal document foreign key.","A can complete a job in 10 days and B in 15 days. How many days together?"
a4aa5f7e-1e39-4e6d-a544-098893d27413,UNKNOWN,false,review,00000000-0000-0000-0000-000000000001,super_admin,2026-10-06T17:05:52.758524+00:00,false,private,9d9ceb9771baf896612274dcbca1aaed8cc612890c05de8f55e87838263b042b,3,0,"Duplicate statement of personal document test question, but created by user 00000000-0000-0000-0000-000000000001 (super_admin) rather than student owner. Lacks direct personal document foreign key.","A worker completes 1/4 of a job in 3 days. How many days for the full job?"
0732b225-dec6-4f6b-8fcd-6cd0ad2e5fae,UNKNOWN,false,review,00000000-0000-0000-0000-000000000001,super_admin,2026-10-06T17:05:53.354435+00:00,false,private,b8684e2426733be99bcb839d07b2d5d704852ec9dfe60e1beeca3592eec3c6eb,3,0,"Duplicate statement of personal document test question, but created by user 00000000-0000-0000-0000-000000000001 (super_admin) rather than student owner. Lacks direct personal document foreign key.","A car travels 180 km in 3 hours. What is its average speed?"
04202b72-6b98-4705-baa1-4152c52c5269,UNKNOWN,false,review,00000000-0000-0000-0000-000000000001,super_admin,2026-10-06T17:05:53.968308+00:00,false,private,e233af04fe8208a60b25a49e645652aa4e5be8afb607f51bb8f1a842e0380f30,3,0,"Duplicate statement of personal document test question, but created by user 00000000-0000-0000-0000-000000000001 (super_admin) rather than student owner. Lacks direct personal document foreign key.","A train travels at 72 km/h. How far in 25 minutes?"
0e72e3a6-1429-49ff-a2ad-ac358367a443,UNKNOWN,false,review,00000000-0000-0000-0000-000000000001,super_admin,2026-10-06T17:05:54.594277+00:00,false,private,7d3d13d409657d79cddd5d8c954c45dbd06612dea2baaeca9f7cbfdd54423777,3,0,"Duplicate statement of personal document test question, but created by user 00000000-0000-0000-0000-000000000001 (super_admin) rather than student owner. Lacks direct personal document foreign key.","Find SI on n5,000 at 8% per annum for 2 years."
8b7edf29-d321-4881-bf31-ad15a24a229c,UNKNOWN,false,review,00000000-0000-0000-0000-000000000001,super_admin,2026-10-06T17:05:55.212105+00:00,false,private,b874b80f7bc2d1ca2446f34b664ffc6ba71ee7efcbbf90209523ab315061bb72,3,0,"Duplicate statement of personal document test question, but created by user 00000000-0000-0000-0000-000000000001 (super_admin) rather than student owner. Lacks direct personal document foreign key.","What is the amount on n10,000 at 10% compound interest for 2 years?"
2c620807-626c-44ad-9121-7da71f6abef0,UNKNOWN,false,review,00000000-0000-0000-0000-000000000001,super_admin,2026-10-06T17:05:55.857265+00:00,false,private,2b2bb3c73d332f5017c083e7a2136da71aa1200fb65c1952e09b9bbd779d79db,3,0,"Duplicate statement of personal document test question, but created by user 00000000-0000-0000-0000-000000000001 (super_admin) rather than student owner. Lacks direct personal document foreign key.","What is the HCF of 36 and 48?"
7b18725b-be47-47e8-a804-f085ec9c29a8,UNKNOWN,false,review,00000000-0000-0000-0000-000000000001,super_admin,2026-10-06T17:05:56.610219+00:00,false,private,b32b3099467f4b87d792437cee59213a7e89ade649c7e478efbeafd1f9bd984a,3,0,"Duplicate statement of personal document test question, but created by user 00000000-0000-0000-0000-000000000001 (super_admin) rather than student owner. Lacks direct personal document foreign key.","What is the LCM of 12 and 18?"
90459d45-899f-4681-ab5d-cc2d75f61ab7,UNKNOWN,false,review,00000000-0000-0000-0000-000000000001,super_admin,2026-10-06T17:06:06.621705+00:00,false,private,33bc9a6163d4f95cf11ab1d7190417a33f30649c9cb0824778e7f8a08c962964,3,0,"Duplicate statement of personal document test question, but created by user 00000000-0000-0000-0000-000000000001 (super_admin) rather than student owner. Lacks direct personal document foreign key.","A student's marks increase from 60 to 75. What is the percentage increase?"
b151f8c9-19a3-40e5-be99-aaa1993273bc,UNKNOWN,false,review,00000000-0000-0000-0000-000000000001,super_admin,2026-10-06T17:06:07.203014+00:00,false,private,b3a5cf72448c61865965a9f002945ef526b0f5e89330719fe9c2d408b2a25661,3,0,"Duplicate statement of personal document test question, but created by user 00000000-0000-0000-0000-000000000001 (super_admin) rather than student owner. Lacks direct personal document foreign key.","A number is increased by 20% and then decreased by 20%. What is the net percentage change?"
3a123969-8d59-48e2-9e3f-7719144d36be,UNKNOWN,false,review,00000000-0000-0000-0000-000000000001,super_admin,2026-10-06T17:06:07.72207+00:00,false,private,70feea27ae8893345d96f0bccd2d1249d79f9f810f3719dfd859e17efea67ce4,3,0,"Duplicate statement of personal document test question, but created by user 00000000-0000-0000-0000-000000000001 (super_admin) rather than student owner. Lacks direct personal document foreign key.","An article costs n800 and is sold for n920. What is the profit percentage?"
a837ebfd-ba57-46c2-8bcf-0b79b1edd336,UNKNOWN,false,review,00000000-0000-0000-0000-000000000001,super_admin,2026-10-06T17:06:08.953827+00:00,false,private,1b792198b0876a02ff266233e7583ef189938886acfb02f0c01c505c2a0a2566,3,0,"Duplicate statement of personal document test question, but created by user 00000000-0000-0000-0000-000000000001 (super_admin) rather than student owner. Lacks direct personal document foreign key.","A shopkeeper gives a 10% discount on an item marked n1,500. What is the selling price?"
7deb4471-d818-4543-857e-77e800f22188,UNKNOWN,false,review,00000000-0000-0000-0000-000000000001,super_admin,2026-10-06T17:06:10.003336+00:00,false,private,23f4e6c2972df8188f8960dde850ac4b3bdf19656930124f2e39647d40ec9a11,3,0,"Duplicate statement of personal document test question, but created by user 00000000-0000-0000-0000-000000000001 (super_admin) rather than student owner. Lacks direct personal document foreign key.","The ratio of boys to girls is 3:2. If there are 30 boys, how many girls are there?"
cb3d03c0-6229-44a5-9d00-042234e37852,UNKNOWN,false,review,00000000-0000-0000-0000-000000000001,super_admin,2026-10-06T17:06:10.695584+00:00,false,private,65d770d557cff8c0770ce39c09fc5a2392330bddcdf68854be88b7d53cce4b11,3,0,"Duplicate statement of personal document test question, but created by user 00000000-0000-0000-0000-000000000001 (super_admin) rather than student owner. Lacks direct personal document foreign key.","The average of 5 numbers is 24. What is their total?"
78187e88-7302-4a4d-86c1-65795bbb428b,UNKNOWN,false,review,00000000-0000-0000-0000-000000000001,super_admin,2026-10-06T17:06:11.273082+00:00,false,private,6298a699f9cd7dd573546d4885621905adccc08370010babd26764c9138cf8fb,3,0,"Duplicate statement of personal document test question, but created by user 00000000-0000-0000-0000-000000000001 (super_admin) rather than student owner. Lacks direct personal document foreign key.","The average age of 4 students is 18. With a fifth student, the average becomes 19. What is the fifth"
7b7cf63f-8c8d-4b84-802c-199a23a83e7b,UNKNOWN,false,review,00000000-0000-0000-0000-000000000001,super_admin,2026-10-06T17:06:11.97743+00:00,false,private,fa4c0d274e20e230784905ae487811bbf1c5ebc99261aadd38dd11356d9aaffd,3,0,"Duplicate statement of personal document test question, but created by user 00000000-0000-0000-0000-000000000001 (super_admin) rather than student owner. Lacks direct personal document foreign key.","A can complete a job in 10 days and B in 15 days. How many days together?"
9ff07fd6-7f6c-4d71-864c-514c94e5a24e,UNKNOWN,false,review,00000000-0000-0000-0000-000000000001,super_admin,2026-10-06T17:06:13.193249+00:00,false,private,9d9ceb9771baf896612274dcbca1aaed8cc612890c05de8f55e87838263b042b,3,0,"Duplicate statement of personal document test question, but created by user 00000000-0000-0000-0000-000000000001 (super_admin) rather than student owner. Lacks direct personal document foreign key.","A worker completes 1/4 of a job in 3 days. How many days for the full job?"
d09acd64-e146-4a1a-88d5-caee970844ee,UNKNOWN,false,review,00000000-0000-0000-0000-000000000001,super_admin,2026-10-06T17:06:13.708421+00:00,false,private,b8684e2426733be99bcb839d07b2d5d704852ec9dfe60e1beeca3592eec3c6eb,3,0,"Duplicate statement of personal document test question, but created by user 00000000-0000-0000-0000-000000000001 (super_admin) rather than student owner. Lacks direct personal document foreign key.","A car travels 180 km in 3 hours. What is its average speed?"
9dec45de-8c42-4fe4-b941-2d8f893f9214,UNKNOWN,false,review,00000000-0000-0000-0000-000000000001,super_admin,2026-10-06T17:06:14.286701+00:00,false,private,e233af04fe8208a60b25a49e645652aa4e5be8afb607f51bb8f1a842e0380f30,3,0,"Duplicate statement of personal document test question, but created by user 00000000-0000-0000-0000-000000000001 (super_admin) rather than student owner. Lacks direct personal document foreign key.","A train travels at 72 km/h. How far in 25 minutes?"
1acc49d2-8fe9-48a1-b819-e3a39204a98b,UNKNOWN,false,review,00000000-0000-0000-0000-000000000001,super_admin,2026-10-06T17:06:14.917925+00:00,false,private,7d3d13d409657d79cddd5d8c954c45dbd06612dea2baaeca9f7cbfdd54423777,3,0,"Duplicate statement of personal document test question, but created by user 00000000-0000-0000-0000-000000000001 (super_admin) rather than student owner. Lacks direct personal document foreign key.","Find SI on n5,000 at 8% per annum for 2 years."
cd2e0126-d38e-44d3-abeb-d64d1ed1f863,UNKNOWN,false,review,00000000-0000-0000-0000-000000000001,super_admin,2026-10-06T17:06:15.460891+00:00,false,private,b874b80f7bc2d1ca2446f34b664ffc6ba71ee7efcbbf90209523ab315061bb72,3,0,"Duplicate statement of personal document test question, but created by user 00000000-0000-0000-0000-000000000001 (super_admin) rather than student owner. Lacks direct personal document foreign key.","What is the amount on n10,000 at 10% compound interest for 2 years?"
8161a75a-ebf3-414c-a768-36d585e6427d,UNKNOWN,false,review,00000000-0000-0000-0000-000000000001,super_admin,2026-10-06T17:07:27.691509+00:00,false,private,33bc9a6163d4f95cf11ab1d7190417a33f30649c9cb0824778e7f8a08c962964,3,0,"Duplicate statement of personal document test question, but created by user 00000000-0000-0000-0000-000000000001 (super_admin) rather than student owner. Lacks direct personal document foreign key.","A student's marks increase from 60 to 75. What is the percentage increase?"
135d018c-5e50-406c-bf8a-8924b2b74b9b,UNKNOWN,false,review,00000000-0000-0000-0000-000000000001,super_admin,2026-10-06T17:07:28.5147+00:00,false,private,b3a5cf72448c61865965a9f002945ef526b0f5e89330719fe9c2d408b2a25661,3,0,"Duplicate statement of personal document test question, but created by user 00000000-0000-0000-0000-000000000001 (super_admin) rather than student owner. Lacks direct personal document foreign key.","A number is increased by 20% and then decreased by 20%. What is the net percentage change?"
16039552-8a21-404b-a819-7b7151f9e657,UNKNOWN,false,review,00000000-0000-0000-0000-000000000001,super_admin,2026-10-06T17:07:29.121766+00:00,false,private,70feea27ae8893345d96f0bccd2d1249d79f9f810f3719dfd859e17efea67ce4,3,0,"Duplicate statement of personal document test question, but created by user 00000000-0000-0000-0000-000000000001 (super_admin) rather than student owner. Lacks direct personal document foreign key.","An article costs n800 and is sold for n920. What is the profit percentage?"
5f7af56a-f879-4236-a1e0-7b1f4420ecc8,UNKNOWN,false,review,00000000-0000-0000-0000-000000000001,super_admin,2026-10-06T17:07:30.05119+00:00,false,private,1b792198b0876a02ff266233e7583ef189938886acfb02f0c01c505c2a0a2566,3,0,"Duplicate statement of personal document test question, but created by user 00000000-0000-0000-0000-000000000001 (super_admin) rather than student owner. Lacks direct personal document foreign key.","A shopkeeper gives a 10% discount on an item marked n1,500. What is the selling price?"
ce4a72c2-2653-4dd1-abe8-2997d1ee13b9,UNKNOWN,false,review,00000000-0000-0000-0000-000000000001,super_admin,2026-10-06T17:07:30.773993+00:00,false,private,23f4e6c2972df8188f8960dde850ac4b3bdf19656930124f2e39647d40ec9a11,3,0,"Duplicate statement of personal document test question, but created by user 00000000-0000-0000-0000-000000000001 (super_admin) rather than student owner. Lacks direct personal document foreign key.","The ratio of boys to girls is 3:2. If there are 30 boys, how many girls are there?"
163f75c2-117d-4179-b4a6-a69fb0dfe423,UNKNOWN,false,review,00000000-0000-0000-0000-000000000001,super_admin,2026-10-06T17:07:31.368562+00:00,false,private,65d770d557cff8c0770ce39c09fc5a2392330bddcdf68854be88b7d53cce4b11,3,0,"Duplicate statement of personal document test question, but created by user 00000000-0000-0000-0000-000000000001 (super_admin) rather than student owner. Lacks direct personal document foreign key.","The average of 5 numbers is 24. What is their total?"
a166fe1d-7e47-470f-9644-4ea87fce72cf,UNKNOWN,false,review,00000000-0000-0000-0000-000000000001,super_admin,2026-10-06T17:07:31.936042+00:00,false,private,6298a699f9cd7dd573546d4885621905adccc08370010babd26764c9138cf8fb,3,0,"Duplicate statement of personal document test question, but created by user 00000000-0000-0000-0000-000000000001 (super_admin) rather than student owner. Lacks direct personal document foreign key.","The average age of 4 students is 18. With a fifth student, the average becomes 19. What is the fifth"
8c871dec-5db9-4116-89a3-77fb29395345,UNKNOWN,false,review,00000000-0000-0000-0000-000000000001,super_admin,2026-10-06T17:07:32.603814+00:00,false,private,fa4c0d274e20e230784905ae487811bbf1c5ebc99261aadd38dd11356d9aaffd,3,0,"Duplicate statement of personal document test question, but created by user 00000000-0000-0000-0000-000000000001 (super_admin) rather than student owner. Lacks direct personal document foreign key.","A can complete a job in 10 days and B in 15 days. How many days together?"
74904313-3f6c-4393-92f0-45a693dcc740,UNKNOWN,false,review,00000000-0000-0000-0000-000000000001,super_admin,2026-10-06T17:07:33.224233+00:00,false,private,9d9ceb9771baf896612274dcbca1aaed8cc612890c05de8f55e87838263b042b,3,0,"Duplicate statement of personal document test question, but created by user 00000000-0000-0000-0000-000000000001 (super_admin) rather than student owner. Lacks direct personal document foreign key.","A worker completes 1/4 of a job in 3 days. How many days for the full job?"
901f6332-9d2b-4db8-ae7f-3b48d111288d,UNKNOWN,false,review,00000000-0000-0000-0000-000000000001,super_admin,2026-10-06T17:07:33.881443+00:00,false,private,b8684e2426733be99bcb839d07b2d5d704852ec9dfe60e1beeca3592eec3c6eb,3,0,"Duplicate statement of personal document test question, but created by user 00000000-0000-0000-0000-000000000001 (super_admin) rather than student owner. Lacks direct personal document foreign key.","A car travels 180 km in 3 hours. What is its average speed?"
46ad2d79-d298-4f82-a3de-e5801dc39eca,UNKNOWN,false,review,00000000-0000-0000-0000-000000000001,super_admin,2026-10-06T17:07:34.427578+00:00,false,private,e233af04fe8208a60b25a49e645652aa4e5be8afb607f51bb8f1a842e0380f30,3,0,"Duplicate statement of personal document test question, but created by user 00000000-0000-0000-0000-000000000001 (super_admin) rather than student owner. Lacks direct personal document foreign key.","A train travels at 72 km/h. How far in 25 minutes?"
1e39e7e5-5d59-46a9-a9bc-a63d63bccc64,UNKNOWN,false,review,00000000-0000-0000-0000-000000000001,super_admin,2026-10-06T17:07:35.026709+00:00,false,private,7d3d13d409657d79cddd5d8c954c45dbd06612dea2baaeca9f7cbfdd54423777,3,0,"Duplicate statement of personal document test question, but created by user 00000000-0000-0000-0000-000000000001 (super_admin) rather than student owner. Lacks direct personal document foreign key.","Find SI on n5,000 at 8% per annum for 2 years."
89e684d3-0c4e-4816-803b-a8cb26327dcc,UNKNOWN,false,review,00000000-0000-0000-0000-000000000001,super_admin,2026-10-06T17:07:35.620735+00:00,false,private,b874b80f7bc2d1ca2446f34b664ffc6ba71ee7efcbbf90209523ab315061bb72,3,0,"Duplicate statement of personal document test question, but created by user 00000000-0000-0000-0000-000000000001 (super_admin) rather than student owner. Lacks direct personal document foreign key.","What is the amount on n10,000 at 10% compound interest for 2 years?"
8c81fde8-957a-4ef5-b298-c82c5b155af2,UNKNOWN,false,review,00000000-0000-0000-0000-000000000001,super_admin,2026-10-06T17:07:36.311812+00:00,false,private,2b2bb3c73d332f5017c083e7a2136da71aa1200fb65c1952e09b9bbd779d79db,3,0,"Duplicate statement of personal document test question, but created by user 00000000-0000-0000-0000-000000000001 (super_admin) rather than student owner. Lacks direct personal document foreign key.","What is the HCF of 36 and 48?"
454bcc06-8840-4f23-bcf2-5d4f5cac076f,UNKNOWN,false,review,00000000-0000-0000-0000-000000000001,super_admin,2026-10-06T17:07:36.880062+00:00,false,private,b32b3099467f4b87d792437cee59213a7e89ade649c7e478efbeafd1f9bd984a,3,0,"Duplicate statement of personal document test question, but created by user 00000000-0000-0000-0000-000000000001 (super_admin) rather than student owner. Lacks direct personal document foreign key.","What is the LCM of 12 and 18?"